2026-07-22 12:00:08,103 WARNING [hotel] Empty DataFrame, skipping load
2026-07-22 12:00:21,627 INFO [monthly_weather] Loaded 12 rows in 1 chunk(s).
2026-07-22 12:00:22,885 INFO [hotel] Loaded 5 rows in 1 chunk(s).
2026-07-22 12:00:22,986 INFO [weather] Loaded 672 rows in 1 chunk(s).
2026-07-22 12:00:23,011 INFO [monthly_weather] Loaded 12 rows in 1 chunk(s).
2026-07-22 12:00:23,038 INFO [flight] Loaded 4 rows in 1 chunk(s).
2026-07-22 12:00:23,170 ERROR [hotel] Load failed: 002002 (42710): 01c5e0d0-3202-fc01-0017-9afa000cc1fe: SQL compilation error:
Object 'HOTEL' already exists.
2026-07-22 12:00:23,315 ERROR [flight] Load failed: 002002 (42710): 01c5e0d0-3202-fc01-0017-9afa000cc20a: SQL compilation error:
Object 'RAW.FLIGHT' already exists.
2026-07-22 12:00:23,349 ERROR [monthly_weather] Load failed: 002002 (42710): 01c5e0d0-3202-faed-0017-9afa000d019a: SQL compilation error:
Object 'MONTHLY_WEATHER' already exists.
2026-07-22 12:00:25,001 INFO [flight] Loaded 28 rows in 1 chunk(s).
2026-07-22 12:00:32,918 INFO [monthly_hotel] Loaded 10 rows in 1 chunk(s).
2026-07-22 12:00:33,682 INFO [weather] Loaded 672 rows in 1 chunk(s).
2026-07-22 12:00:33,908 INFO [weather] Loaded 672 rows in 1 chunk(s).
2026-07-22 12:00:35,032 INFO [monthly_hotel] Loaded 10 rows in 1 chunk(s).
2026-07-22 12:00:39,895 INFO [monthly_hotel] Loaded 10 rows in 1 chunk(s).
2026-07-22 12:00:57,740 INFO [monthly_flight] Loaded 10 rows in 1 chunk(s).
2026-07-22 12:00:58,211 INFO [monthly_flight] Loaded 10 rows in 1 chunk(s).
2026-07-22 12:01:03,944 INFO [monthly_flight] Loaded 10 rows in 1 chunk(s).
2026-07-22 12:25:55,566 WARNING [hotel] Empty DataFrame, skipping load
2026-07-22 12:25:59,265 INFO [hotel] Loaded 20 rows in 1 chunk(s).
2026-07-22 12:25:59,302 INFO [flight] Loaded 3 rows in 1 chunk(s).
2026-07-22 12:25:59,426 INFO [flight] Loaded 4 rows in 1 chunk(s).
2026-07-22 12:25:59,443 INFO [monthly_weather] Loaded 12 rows in 1 chunk(s).
2026-07-22 12:25:59,500 INFO [hotel] Loaded 5 rows in 1 chunk(s).
2026-07-22 12:25:59,614 INFO [monthly_weather] Loaded 12 rows in 1 chunk(s).
2026-07-22 12:25:59,753 INFO [monthly_weather] Loaded 12 rows in 1 chunk(s).
2026-07-22 12:26:00,003 INFO [weather] Loaded 672 rows in 1 chunk(s).
2026-07-22 12:26:01,128 INFO [monthly_flight] Loaded 10 rows in 1 chunk(s).
2026-07-22 12:26:01,131 INFO [monthly_hotel] Loaded 10 rows in 1 chunk(s).
2026-07-22 12:26:01,976 INFO [monthly_hotel] Loaded 10 rows in 1 chunk(s).
2026-07-22 12:26:02,436 INFO [monthly_flight] Loaded 10 rows in 1 chunk(s).
2026-07-22 12:26:02,502 INFO [flight] Loaded 28 rows in 1 chunk(s).
2026-07-22 12:26:02,577 INFO [monthly_flight] Loaded 10 rows in 1 chunk(s).
2026-07-22 12:26:02,668 INFO [monthly_hotel] Loaded 10 rows in 1 chunk(s).
2026-07-22 12:26:04,983 INFO [weather] Loaded 672 rows in 1 chunk(s).
2026-07-22 12:26:05,039 INFO [weather] Loaded 672 rows in 1 chunk(s).
2026-07-22 12:38:48,607 INFO Data loaded to Snowflake successfully.

2026-07-22 12:39:19,890 INFO Data loaded to Snowflake successfully.

2026-07-22 12:39:51,260 INFO Data loaded to Snowflake successfully.

2026-07-22 12:40:51,892 INFO Data loaded to Snowflake successfully.

2026-07-22 12:41:23,176 INFO Data loaded to Snowflake successfully.

2026-07-22 12:41:54,448 INFO Data loaded to Snowflake successfully.

2026-07-22 12:42:25,800 INFO Data loaded to Snowflake successfully.

2026-07-22 12:42:57,119 INFO Data loaded to Snowflake successfully.

2026-07-22 12:43:28,499 INFO Data loaded to Snowflake successfully.

2026-07-22 12:43:59,773 INFO Data loaded to Snowflake successfully.

2026-07-22 12:44:31,035 INFO Data loaded to Snowflake successfully.

2026-07-22 12:45:02,291 INFO Data loaded to Snowflake successfully.

2026-07-22 12:45:42,399 INFO Data loaded to Snowflake successfully.

2026-07-22 12:46:13,654 INFO Data loaded to Snowflake successfully.

2026-07-22 12:46:44,770 INFO Data loaded to Snowflake successfully.

2026-07-22 12:47:16,135 INFO Data loaded to Snowflake successfully.

2026-07-22 12:47:47,406 INFO Data loaded to Snowflake successfully.

2026-07-22 12:48:18,706 INFO Data loaded to Snowflake successfully.

2026-07-22 12:48:50,178 INFO Data loaded to Snowflake successfully.

2026-07-22 12:49:21,522 INFO Data loaded to Snowflake successfully.

2026-07-22 12:49:52,807 INFO Data loaded to Snowflake successfully.

2026-07-22 12:50:44,551 INFO Data loaded to Snowflake successfully.

2026-07-22 12:51:15,690 INFO Data loaded to Snowflake successfully.

2026-07-22 12:51:47,435 INFO Data loaded to Snowflake successfully.

2026-07-22 12:52:19,351 INFO Data loaded to Snowflake successfully.

2026-07-22 14:36:46,218 INFO Data loaded to Snowflake successfully.

2026-07-22 15:37:24,542 INFO Data loaded to Snowflake successfully.

2026-07-22 15:37:55,828 INFO Data loaded to Snowflake successfully.

2026-07-22 15:38:27,293 INFO Data loaded to Snowflake successfully.

2026-07-22 15:38:58,641 INFO Data loaded to Snowflake successfully.

2026-07-22 15:39:30,208 INFO Data loaded to Snowflake successfully.

2026-07-22 15:40:01,637 INFO Data loaded to Snowflake successfully.

2026-07-22 15:40:32,943 INFO Data loaded to Snowflake successfully.

2026-07-22 15:41:04,439 INFO Data loaded to Snowflake successfully.

2026-07-22 15:41:35,608 INFO Data loaded to Snowflake successfully.

2026-07-22 15:42:23,871 INFO Data loaded to Snowflake successfully.

2026-07-22 15:42:55,097 INFO Data loaded to Snowflake successfully.

2026-07-22 15:43:26,214 INFO Data loaded to Snowflake successfully.

2026-07-22 15:43:57,527 INFO Data loaded to Snowflake successfully.

2026-07-22 15:44:29,145 INFO Data loaded to Snowflake successfully.

2026-07-22 15:45:00,824 INFO Data loaded to Snowflake successfully.

2026-07-22 15:45:32,289 INFO Data loaded to Snowflake successfully.

2026-07-22 15:46:03,630 INFO Data loaded to Snowflake successfully.

2026-07-22 15:46:34,902 INFO Data loaded to Snowflake successfully.

2026-07-22 15:47:25,090 INFO Data loaded to Snowflake successfully.

2026-07-22 15:47:56,135 INFO Data loaded to Snowflake successfully.

2026-07-22 15:48:27,245 INFO Data loaded to Snowflake successfully.

2026-07-22 15:48:58,400 INFO Data loaded to Snowflake successfully.

2026-07-22 15:49:29,729 INFO Data loaded to Snowflake successfully.

2026-07-22 15:50:01,131 INFO Data loaded to Snowflake successfully.

2026-07-22 15:50:32,572 INFO Data loaded to Snowflake successfully.

2026-07-22 15:51:04,011 INFO Data loaded to Snowflake successfully.

2026-07-22 15:51:35,622 INFO Data loaded to Snowflake successfully.

2026-07-22 15:52:26,918 INFO Data loaded to Snowflake successfully.

2026-07-22 15:52:58,264 INFO Data loaded to Snowflake successfully.

2026-07-22 15:53:29,517 INFO Data loaded to Snowflake successfully.

2026-07-22 15:54:00,827 INFO Data loaded to Snowflake successfully.

2026-07-22 15:54:32,144 INFO Data loaded to Snowflake successfully.

2026-07-22 15:55:03,525 INFO Data loaded to Snowflake successfully.

2026-07-22 15:55:34,977 INFO Data loaded to Snowflake successfully.

2026-07-22 15:56:06,435 INFO Data loaded to Snowflake successfully.

2026-07-22 15:56:37,775 INFO Data loaded to Snowflake successfully.

2026-07-22 15:57:30,695 INFO Data loaded to Snowflake successfully.

2026-07-22 15:58:01,973 INFO Data loaded to Snowflake successfully.

2026-07-22 15:58:33,220 INFO Data loaded to Snowflake successfully.

2026-07-22 15:59:04,556 INFO Data loaded to Snowflake successfully.

2026-07-22 15:59:35,831 INFO Data loaded to Snowflake successfully.

2026-07-22 16:00:07,286 INFO Data loaded to Snowflake successfully.

2026-07-22 16:00:38,704 INFO Data loaded to Snowflake successfully.

2026-07-22 16:01:10,119 INFO Data loaded to Snowflake successfully.

2026-07-22 16:01:41,519 INFO Data loaded to Snowflake successfully.

2026-07-22 16:02:34,335 INFO Data loaded to Snowflake successfully.

2026-07-22 16:03:05,778 INFO Data loaded to Snowflake successfully.

2026-07-22 16:03:37,143 INFO Data loaded to Snowflake successfully.

2026-07-22 16:04:08,470 INFO Data loaded to Snowflake successfully.

2026-07-22 16:04:39,891 INFO Data loaded to Snowflake successfully.

2026-07-22 16:05:11,309 INFO Data loaded to Snowflake successfully.

2026-07-22 16:05:42,721 INFO Data loaded to Snowflake successfully.

2026-07-22 16:06:14,128 INFO Data loaded to Snowflake successfully.

2026-07-22 16:06:45,662 INFO Data loaded to Snowflake successfully.

2026-07-22 16:07:36,961 INFO Data loaded to Snowflake successfully.

2026-07-22 16:08:08,156 INFO Data loaded to Snowflake successfully.

2026-07-22 16:08:39,509 INFO Data loaded to Snowflake successfully.

2026-07-22 16:09:11,037 INFO Data loaded to Snowflake successfully.

2026-07-22 16:09:42,547 INFO Data loaded to Snowflake successfully.

2026-07-22 16:10:14,076 INFO Data loaded to Snowflake successfully.

2026-07-22 16:10:45,566 INFO Data loaded to Snowflake successfully.

2026-07-22 16:11:16,878 INFO Data loaded to Snowflake successfully.

2026-07-22 16:11:48,150 INFO Data loaded to Snowflake successfully.

2026-07-22 16:12:38,984 INFO Data loaded to Snowflake successfully.

2026-07-22 16:13:10,226 INFO Data loaded to Snowflake successfully.

2026-07-22 16:13:41,424 INFO Data loaded to Snowflake successfully.

2026-07-22 16:14:12,642 INFO Data loaded to Snowflake successfully.

2026-07-22 16:14:43,961 INFO Data loaded to Snowflake successfully.

2026-07-22 16:15:15,431 INFO Data loaded to Snowflake successfully.

2026-07-22 16:15:46,899 INFO Data loaded to Snowflake successfully.

2026-07-22 16:16:18,418 INFO Data loaded to Snowflake successfully.

2026-07-22 16:16:50,011 INFO Data loaded to Snowflake successfully.

2026-07-22 16:17:41,316 INFO Data loaded to Snowflake successfully.

2026-07-22 16:18:12,523 INFO Data loaded to Snowflake successfully.

2026-07-22 16:18:43,910 INFO Data loaded to Snowflake successfully.

2026-07-22 16:19:15,445 INFO Data loaded to Snowflake successfully.

2026-07-22 16:19:46,941 INFO Data loaded to Snowflake successfully.

2026-07-22 16:20:18,338 INFO Data loaded to Snowflake successfully.

2026-07-22 16:20:49,650 INFO Data loaded to Snowflake successfully.

2026-07-22 16:21:20,993 INFO Data loaded to Snowflake successfully.

2026-07-22 16:21:52,415 INFO Data loaded to Snowflake successfully.

2026-07-22 16:22:43,319 INFO Data loaded to Snowflake successfully.

2026-07-22 16:23:14,772 INFO Data loaded to Snowflake successfully.

2026-07-22 16:23:45,903 INFO Data loaded to Snowflake successfully.

2026-07-22 16:24:17,383 INFO Data loaded to Snowflake successfully.

2026-07-22 16:24:49,035 INFO Data loaded to Snowflake successfully.

2026-07-22 16:25:20,625 INFO Data loaded to Snowflake successfully.

2026-07-22 16:25:52,252 INFO Data loaded to Snowflake successfully.

2026-07-22 16:26:23,721 INFO Data loaded to Snowflake successfully.

2026-07-22 16:26:55,099 INFO Data loaded to Snowflake successfully.

2026-07-22 16:27:45,303 INFO Data loaded to Snowflake successfully.

2026-07-22 16:28:16,609 INFO Data loaded to Snowflake successfully.

2026-07-22 16:28:47,966 INFO Data loaded to Snowflake successfully.

2026-07-22 16:29:19,342 INFO Data loaded to Snowflake successfully.

2026-07-22 16:29:50,745 INFO Data loaded to Snowflake successfully.

2026-07-22 16:30:22,122 INFO Data loaded to Snowflake successfully.

2026-07-22 16:30:53,644 INFO Data loaded to Snowflake successfully.

2026-07-22 16:31:24,956 INFO Data loaded to Snowflake successfully.

2026-07-22 16:31:56,331 INFO Data loaded to Snowflake successfully.

2026-07-22 16:32:48,108 INFO Data loaded to Snowflake successfully.

2026-07-22 16:33:19,498 INFO Data loaded to Snowflake successfully.

2026-07-22 16:33:50,835 INFO Data loaded to Snowflake successfully.

2026-07-22 16:34:22,368 INFO Data loaded to Snowflake successfully.

2026-07-22 16:34:53,936 INFO Data loaded to Snowflake successfully.

2026-07-22 16:35:25,446 INFO Data loaded to Snowflake successfully.

2026-07-22 16:35:56,975 INFO Data loaded to Snowflake successfully.

2026-07-22 16:36:28,518 INFO Data loaded to Snowflake successfully.

2026-07-22 16:36:59,949 INFO Data loaded to Snowflake successfully.

2026-07-22 16:37:53,201 INFO Data loaded to Snowflake successfully.

2026-07-22 16:38:24,459 INFO Data loaded to Snowflake successfully.

2026-07-22 16:38:55,716 INFO Data loaded to Snowflake successfully.

2026-07-22 16:39:26,966 INFO Data loaded to Snowflake successfully.

2026-07-22 16:39:58,309 INFO Data loaded to Snowflake successfully.

2026-07-22 16:40:29,697 INFO Data loaded to Snowflake successfully.

2026-07-22 16:41:01,050 INFO Data loaded to Snowflake successfully.

2026-07-22 16:41:32,398 INFO Data loaded to Snowflake successfully.

2026-07-22 16:42:03,820 INFO Data loaded to Snowflake successfully.

2026-07-22 16:42:56,617 INFO Data loaded to Snowflake successfully.

2026-07-22 16:43:27,890 INFO Data loaded to Snowflake successfully.

2026-07-22 16:43:59,118 INFO Data loaded to Snowflake successfully.

2026-07-22 16:44:30,542 INFO Data loaded to Snowflake successfully.

2026-07-22 16:45:01,834 INFO Data loaded to Snowflake successfully.

2026-07-22 16:45:33,333 INFO Data loaded to Snowflake successfully.

2026-07-22 16:46:04,735 INFO Data loaded to Snowflake successfully.

2026-07-22 16:46:36,113 INFO Data loaded to Snowflake successfully.

2026-07-22 16:47:07,544 INFO Data loaded to Snowflake successfully.

2026-07-22 16:48:00,885 INFO Data loaded to Snowflake successfully.

2026-07-22 16:48:32,483 INFO Data loaded to Snowflake successfully.

2026-07-22 16:49:03,876 INFO Data loaded to Snowflake successfully.

2026-07-22 16:49:35,328 INFO Data loaded to Snowflake successfully.

2026-07-22 16:50:06,782 INFO Data loaded to Snowflake successfully.

2026-07-22 16:50:38,203 INFO Data loaded to Snowflake successfully.

2026-07-22 16:51:09,506 INFO Data loaded to Snowflake successfully.

2026-07-22 16:51:40,823 INFO Data loaded to Snowflake successfully.

2026-07-22 16:52:12,113 INFO Data loaded to Snowflake successfully.

2026-07-22 16:53:04,273 INFO Data loaded to Snowflake successfully.

2026-07-22 16:53:35,406 INFO Data loaded to Snowflake successfully.

2026-07-22 16:54:06,634 INFO Data loaded to Snowflake successfully.

2026-07-22 16:54:38,281 INFO Data loaded to Snowflake successfully.

2026-07-22 16:55:09,860 INFO Data loaded to Snowflake successfully.

2026-07-22 16:55:41,272 INFO Data loaded to Snowflake successfully.

2026-07-22 16:56:12,861 INFO Data loaded to Snowflake successfully.

2026-07-22 16:56:44,447 INFO Data loaded to Snowflake successfully.

2026-07-22 16:57:15,998 INFO Data loaded to Snowflake successfully.

2026-07-22 16:58:06,899 INFO Data loaded to Snowflake successfully.

2026-07-22 16:58:38,180 INFO Data loaded to Snowflake successfully.

2026-07-22 16:59:09,419 INFO Data loaded to Snowflake successfully.

2026-07-22 16:59:40,714 INFO Data loaded to Snowflake successfully.

2026-07-22 17:00:12,053 INFO Data loaded to Snowflake successfully.

2026-07-22 17:00:43,425 INFO Data loaded to Snowflake successfully.

2026-07-22 17:01:14,778 INFO Data loaded to Snowflake successfully.

2026-07-22 17:01:46,150 INFO Data loaded to Snowflake successfully.

2026-07-22 17:02:17,526 INFO Data loaded to Snowflake successfully.

2026-07-22 17:03:08,401 INFO Data loaded to Snowflake successfully.

2026-07-22 17:03:39,346 INFO Data loaded to Snowflake successfully.

2026-07-22 17:04:10,444 INFO Data loaded to Snowflake successfully.

2026-07-22 17:04:41,690 INFO Data loaded to Snowflake successfully.

2026-07-22 17:05:12,825 INFO Data loaded to Snowflake successfully.

2026-07-22 17:05:44,099 INFO Data loaded to Snowflake successfully.

2026-07-22 17:06:15,320 INFO Data loaded to Snowflake successfully.

2026-07-22 17:06:46,600 INFO Data loaded to Snowflake successfully.

2026-07-22 17:07:17,888 INFO Data loaded to Snowflake successfully.

2026-07-22 17:08:09,900 INFO Data loaded to Snowflake successfully.

2026-07-22 17:08:41,143 INFO Data loaded to Snowflake successfully.

2026-07-22 17:09:12,453 INFO Data loaded to Snowflake successfully.

2026-07-22 17:09:43,976 INFO Data loaded to Snowflake successfully.

2026-07-22 17:10:15,471 INFO Data loaded to Snowflake successfully.

2026-07-22 17:10:46,932 INFO Data loaded to Snowflake successfully.

2026-07-22 17:11:18,376 INFO Data loaded to Snowflake successfully.

2026-07-22 17:11:49,740 INFO Data loaded to Snowflake successfully.

2026-07-22 17:12:21,123 INFO Data loaded to Snowflake successfully.

2026-07-22 17:13:10,763 INFO Data loaded to Snowflake successfully.

2026-07-22 17:13:41,866 INFO Data loaded to Snowflake successfully.

2026-07-22 17:14:13,223 INFO Data loaded to Snowflake successfully.

2026-07-22 17:14:44,550 INFO Data loaded to Snowflake successfully.

2026-07-22 17:15:15,928 INFO Data loaded to Snowflake successfully.

2026-07-22 17:15:47,267 INFO Data loaded to Snowflake successfully.

2026-07-22 17:16:18,469 INFO Data loaded to Snowflake successfully.

2026-07-22 17:16:49,626 INFO Data loaded to Snowflake successfully.

2026-07-22 17:17:20,883 INFO Data loaded to Snowflake successfully.

2026-07-22 17:18:13,741 INFO Data loaded to Snowflake successfully.

2026-07-22 17:18:44,795 INFO Data loaded to Snowflake successfully.

2026-07-22 17:19:15,685 INFO Data loaded to Snowflake successfully.

2026-07-22 17:19:47,087 INFO Data loaded to Snowflake successfully.

2026-07-22 17:20:18,294 INFO Data loaded to Snowflake successfully.

2026-07-22 17:20:49,590 INFO Data loaded to Snowflake successfully.

2026-07-22 17:21:20,890 INFO Data loaded to Snowflake successfully.

2026-07-22 17:21:52,281 INFO Data loaded to Snowflake successfully.

2026-07-22 17:22:23,623 INFO Data loaded to Snowflake successfully.

2026-07-22 17:23:16,385 INFO Data loaded to Snowflake successfully.

2026-07-22 17:23:47,414 INFO Data loaded to Snowflake successfully.

2026-07-22 17:24:18,620 INFO Data loaded to Snowflake successfully.

2026-07-22 17:24:49,976 INFO Data loaded to Snowflake successfully.

2026-07-22 17:25:21,086 INFO Data loaded to Snowflake successfully.

2026-07-22 17:25:52,294 INFO Data loaded to Snowflake successfully.

2026-07-22 17:26:23,560 INFO Data loaded to Snowflake successfully.

2026-07-22 17:26:54,947 INFO Data loaded to Snowflake successfully.

2026-07-22 17:27:26,402 INFO Data loaded to Snowflake successfully.

2026-07-22 17:28:18,995 INFO Data loaded to Snowflake successfully.

2026-07-22 17:28:50,122 INFO Data loaded to Snowflake successfully.

2026-07-22 17:29:21,365 INFO Data loaded to Snowflake successfully.

2026-07-22 17:29:52,671 INFO Data loaded to Snowflake successfully.

2026-07-22 17:30:24,148 INFO Data loaded to Snowflake successfully.

2026-07-22 17:30:55,473 INFO Data loaded to Snowflake successfully.

2026-07-22 17:31:26,902 INFO Data loaded to Snowflake successfully.

2026-07-22 17:31:58,319 INFO Data loaded to Snowflake successfully.

2026-07-22 17:32:29,734 INFO Data loaded to Snowflake successfully.

2026-07-22 17:33:22,425 INFO Data loaded to Snowflake successfully.

2026-07-22 17:33:53,596 INFO Data loaded to Snowflake successfully.

2026-07-22 17:34:24,943 INFO Data loaded to Snowflake successfully.

2026-07-22 17:34:56,401 INFO Data loaded to Snowflake successfully.

2026-07-22 17:35:27,979 INFO Data loaded to Snowflake successfully.

2026-07-22 17:35:59,415 INFO Data loaded to Snowflake successfully.

2026-07-22 17:36:30,807 INFO Data loaded to Snowflake successfully.

2026-07-22 17:37:02,192 INFO Data loaded to Snowflake successfully.

2026-07-22 17:37:33,571 INFO Data loaded to Snowflake successfully.

2026-07-22 17:38:26,296 INFO Data loaded to Snowflake successfully.

2026-07-22 17:38:57,748 INFO Data loaded to Snowflake successfully.

2026-07-22 17:39:29,096 INFO Data loaded to Snowflake successfully.

2026-07-22 17:40:00,436 INFO Data loaded to Snowflake successfully.

2026-07-22 17:40:31,838 INFO Data loaded to Snowflake successfully.

2026-07-22 17:41:03,297 INFO Data loaded to Snowflake successfully.

2026-07-22 17:41:34,787 INFO Data loaded to Snowflake successfully.

2026-07-22 17:42:06,237 INFO Data loaded to Snowflake successfully.

2026-07-22 17:42:37,656 INFO Data loaded to Snowflake successfully.

2026-07-22 17:43:28,409 INFO Data loaded to Snowflake successfully.

2026-07-22 17:43:59,534 INFO Data loaded to Snowflake successfully.

2026-07-22 17:44:30,798 INFO Data loaded to Snowflake successfully.

2026-07-22 17:45:02,172 INFO Data loaded to Snowflake successfully.

2026-07-22 17:45:33,519 INFO Data loaded to Snowflake successfully.

2026-07-22 17:46:04,870 INFO Data loaded to Snowflake successfully.

2026-07-22 17:46:36,209 INFO Data loaded to Snowflake successfully.

2026-07-22 17:47:07,666 INFO Data loaded to Snowflake successfully.

2026-07-22 17:47:39,191 INFO Data loaded to Snowflake successfully.

2026-07-22 17:48:30,469 INFO Data loaded to Snowflake successfully.

2026-07-22 17:49:01,647 INFO Data loaded to Snowflake successfully.

2026-07-22 17:49:32,820 INFO Data loaded to Snowflake successfully.

2026-07-22 17:50:04,133 INFO Data loaded to Snowflake successfully.

2026-07-22 17:50:35,455 INFO Data loaded to Snowflake successfully.

2026-07-22 17:51:07,026 INFO Data loaded to Snowflake successfully.

2026-07-22 17:51:38,443 INFO Data loaded to Snowflake successfully.

2026-07-22 17:52:09,794 INFO Data loaded to Snowflake successfully.

2026-07-22 17:52:41,145 INFO Data loaded to Snowflake successfully.

2026-07-22 17:53:33,498 INFO Data loaded to Snowflake successfully.

2026-07-22 17:54:04,733 INFO Data loaded to Snowflake successfully.

2026-07-22 17:54:36,059 INFO Data loaded to Snowflake successfully.

2026-07-22 17:55:07,500 INFO Data loaded to Snowflake successfully.

2026-07-22 17:55:38,996 INFO Data loaded to Snowflake successfully.

2026-07-22 17:56:10,467 INFO Data loaded to Snowflake successfully.

2026-07-22 17:56:41,869 INFO Data loaded to Snowflake successfully.

2026-07-22 17:57:13,205 INFO Data loaded to Snowflake successfully.

2026-07-22 17:57:44,540 INFO Data loaded to Snowflake successfully.

2026-07-22 17:58:35,703 INFO Data loaded to Snowflake successfully.

2026-07-22 17:59:07,361 INFO Data loaded to Snowflake successfully.

2026-07-22 17:59:39,163 INFO Data loaded to Snowflake successfully.

2026-07-22 18:00:11,250 INFO Data loaded to Snowflake successfully.

2026-07-22 18:00:42,592 INFO Data loaded to Snowflake successfully.

2026-07-22 18:01:13,941 INFO Data loaded to Snowflake successfully.

2026-07-22 18:01:45,316 INFO Data loaded to Snowflake successfully.

2026-07-22 18:02:16,748 INFO Data loaded to Snowflake successfully.

2026-07-22 18:02:48,206 INFO Data loaded to Snowflake successfully.

2026-07-22 18:03:37,758 INFO Data loaded to Snowflake successfully.

2026-07-22 18:04:09,081 INFO Data loaded to Snowflake successfully.

2026-07-22 18:04:40,306 INFO Data loaded to Snowflake successfully.

2026-07-22 18:05:11,702 INFO Data loaded to Snowflake successfully.

2026-07-22 18:05:43,231 INFO Data loaded to Snowflake successfully.

2026-07-22 18:06:14,729 INFO Data loaded to Snowflake successfully.

2026-07-22 18:06:46,274 INFO Data loaded to Snowflake successfully.

2026-07-22 18:07:17,777 INFO Data loaded to Snowflake successfully.

2026-07-22 18:07:49,208 INFO Data loaded to Snowflake successfully.

2026-07-22 18:08:39,840 INFO Data loaded to Snowflake successfully.

2026-07-22 18:09:10,970 INFO Data loaded to Snowflake successfully.

2026-07-22 18:09:42,272 INFO Data loaded to Snowflake successfully.

2026-07-22 18:10:13,689 INFO Data loaded to Snowflake successfully.

2026-07-22 18:10:45,028 INFO Data loaded to Snowflake successfully.

2026-07-22 18:11:16,482 INFO Data loaded to Snowflake successfully.

2026-07-22 18:11:48,064 INFO Data loaded to Snowflake successfully.

2026-07-22 18:12:19,450 INFO Data loaded to Snowflake successfully.

2026-07-22 18:12:50,827 INFO Data loaded to Snowflake successfully.

2026-07-22 18:13:41,956 INFO Data loaded to Snowflake successfully.

2026-07-22 18:14:13,114 INFO Data loaded to Snowflake successfully.

2026-07-22 18:14:44,358 INFO Data loaded to Snowflake successfully.

2026-07-22 18:15:15,667 INFO Data loaded to Snowflake successfully.

2026-07-22 18:15:46,976 INFO Data loaded to Snowflake successfully.

2026-07-22 18:16:18,439 INFO Data loaded to Snowflake successfully.

2026-07-22 18:16:49,801 INFO Data loaded to Snowflake successfully.

2026-07-22 18:17:21,221 INFO Data loaded to Snowflake successfully.

2026-07-22 18:17:52,562 INFO Data loaded to Snowflake successfully.

2026-07-22 18:18:44,729 INFO Data loaded to Snowflake successfully.

2026-07-22 18:19:15,966 INFO Data loaded to Snowflake successfully.

2026-07-22 18:19:47,203 INFO Data loaded to Snowflake successfully.

2026-07-22 18:20:18,717 INFO Data loaded to Snowflake successfully.

2026-07-22 18:20:50,210 INFO Data loaded to Snowflake successfully.

2026-07-22 18:21:21,638 INFO Data loaded to Snowflake successfully.

2026-07-22 18:21:53,263 INFO Data loaded to Snowflake successfully.

2026-07-22 18:22:24,697 INFO Data loaded to Snowflake successfully.

2026-07-22 18:22:56,262 INFO Data loaded to Snowflake successfully.

2026-07-22 18:23:57,287 INFO Data loaded to Snowflake successfully.

2026-07-22 18:24:29,239 INFO Data loaded to Snowflake successfully.

2026-07-22 18:25:01,121 INFO Data loaded to Snowflake successfully.

2026-07-22 18:25:33,142 INFO Data loaded to Snowflake successfully.

2026-07-22 18:26:05,065 INFO Data loaded to Snowflake successfully.

2026-07-22 18:26:36,696 INFO Data loaded to Snowflake successfully.

2026-07-22 18:27:07,922 INFO Data loaded to Snowflake successfully.

2026-07-22 18:27:39,008 INFO Data loaded to Snowflake successfully.

2026-07-22 18:28:10,177 INFO Data loaded to Snowflake successfully.

2026-07-22 18:28:58,663 INFO Data loaded to Snowflake successfully.

2026-07-22 18:29:30,169 INFO Data loaded to Snowflake successfully.

2026-07-22 18:30:01,592 INFO Data loaded to Snowflake successfully.

2026-07-22 18:30:33,089 INFO Data loaded to Snowflake successfully.

2026-07-22 18:31:04,628 INFO Data loaded to Snowflake successfully.

2026-07-22 18:31:36,265 INFO Data loaded to Snowflake successfully.

2026-07-22 18:32:08,347 INFO Data loaded to Snowflake successfully.

2026-07-22 18:32:40,086 INFO Data loaded to Snowflake successfully.

2026-07-22 18:33:11,251 INFO Data loaded to Snowflake successfully.

2026-07-22 18:33:58,164 INFO Data loaded to Snowflake successfully.

2026-07-22 18:34:30,143 INFO Data loaded to Snowflake successfully.

2026-07-22 18:35:01,948 INFO Data loaded to Snowflake successfully.

2026-07-22 18:35:33,572 INFO Data loaded to Snowflake successfully.

2026-07-22 18:36:05,452 INFO Data loaded to Snowflake successfully.

2026-07-22 18:36:36,925 INFO Data loaded to Snowflake successfully.

2026-07-22 18:37:08,011 INFO Data loaded to Snowflake successfully.

2026-07-22 18:37:39,254 INFO Data loaded to Snowflake successfully.

2026-07-22 18:38:10,673 INFO Data loaded to Snowflake successfully.

2026-07-22 18:39:04,775 INFO Data loaded to Snowflake successfully.

2026-07-22 18:39:36,552 INFO Data loaded to Snowflake successfully.

2026-07-22 18:40:08,204 INFO Data loaded to Snowflake successfully.

2026-07-22 18:40:39,963 INFO Data loaded to Snowflake successfully.

2026-07-22 18:41:11,210 INFO Data loaded to Snowflake successfully.

2026-07-22 18:41:42,882 INFO Data loaded to Snowflake successfully.

2026-07-22 18:42:14,435 INFO Data loaded to Snowflake successfully.

2026-07-22 18:42:46,173 INFO Data loaded to Snowflake successfully.

2026-07-22 18:43:17,501 INFO Data loaded to Snowflake successfully.

2026-07-22 18:44:07,086 INFO Data loaded to Snowflake successfully.

2026-07-22 18:44:38,797 INFO Data loaded to Snowflake successfully.

2026-07-22 18:45:10,428 INFO Data loaded to Snowflake successfully.

2026-07-22 18:45:42,345 INFO Data loaded to Snowflake successfully.

2026-07-22 18:46:14,166 INFO Data loaded to Snowflake successfully.

2026-07-22 18:46:45,547 INFO Data loaded to Snowflake successfully.

2026-07-22 18:47:17,080 INFO Data loaded to Snowflake successfully.

2026-07-22 18:47:48,630 INFO Data loaded to Snowflake successfully.

2026-07-22 18:48:20,174 INFO Data loaded to Snowflake successfully.

2026-07-22 18:49:02,098 INFO Data loaded to Snowflake successfully.

2026-07-22 18:49:34,110 INFO Data loaded to Snowflake successfully.

2026-07-22 18:50:05,505 INFO Data loaded to Snowflake successfully.

2026-07-22 18:50:37,040 INFO Data loaded to Snowflake successfully.

2026-07-22 18:51:08,519 INFO Data loaded to Snowflake successfully.

2026-07-22 18:51:40,274 INFO Data loaded to Snowflake successfully.

2026-07-22 18:52:12,114 INFO Data loaded to Snowflake successfully.

2026-07-22 18:52:43,800 INFO Data loaded to Snowflake successfully.

2026-07-22 18:53:15,501 INFO Data loaded to Snowflake successfully.

2026-07-22 18:54:14,191 INFO Data loaded to Snowflake successfully.

2026-07-22 18:54:46,096 INFO Data loaded to Snowflake successfully.

2026-07-22 18:55:18,140 INFO Data loaded to Snowflake successfully.

2026-07-22 18:55:49,996 INFO Data loaded to Snowflake successfully.

2026-07-22 18:56:21,562 INFO Data loaded to Snowflake successfully.

2026-07-22 18:56:52,840 INFO Data loaded to Snowflake successfully.

2026-07-22 18:57:24,111 INFO Data loaded to Snowflake successfully.

2026-07-22 18:57:55,912 INFO Data loaded to Snowflake successfully.

2026-07-22 18:58:27,156 INFO Data loaded to Snowflake successfully.

2026-07-22 18:59:23,936 INFO Data loaded to Snowflake successfully.

2026-07-22 18:59:56,112 INFO Data loaded to Snowflake successfully.

2026-07-22 19:00:27,819 INFO Data loaded to Snowflake successfully.

2026-07-22 19:00:59,455 INFO Data loaded to Snowflake successfully.

2026-07-22 19:01:30,791 INFO Data loaded to Snowflake successfully.

2026-07-22 19:02:02,677 INFO Data loaded to Snowflake successfully.

2026-07-22 19:02:34,233 INFO Data loaded to Snowflake successfully.

2026-07-22 19:03:05,069 INFO Data loaded to Snowflake successfully.

2026-07-22 19:03:35,972 INFO Data loaded to Snowflake successfully.

2026-07-22 19:04:14,490 INFO Data loaded to Snowflake successfully.

2026-07-22 19:04:46,034 INFO Data loaded to Snowflake successfully.

2026-07-22 19:05:17,690 INFO Data loaded to Snowflake successfully.

2026-07-22 19:05:49,314 INFO Data loaded to Snowflake successfully.

2026-07-22 19:06:20,923 INFO Data loaded to Snowflake successfully.

2026-07-22 19:06:52,780 INFO Data loaded to Snowflake successfully.

2026-07-22 19:07:23,840 INFO Data loaded to Snowflake successfully.

2026-07-22 19:07:58,571 INFO Data loaded to Snowflake successfully.

2026-07-23 06:33:03,862 INFO Data loaded to Snowflake successfully.

2026-07-23 06:33:35,479 INFO Data loaded to Snowflake successfully.

2026-07-23 06:34:07,158 INFO Data loaded to Snowflake successfully.

2026-07-23 06:34:39,023 INFO Data loaded to Snowflake successfully.

2026-07-23 06:35:10,894 INFO Data loaded to Snowflake successfully.

2026-07-23 06:35:42,615 INFO Data loaded to Snowflake successfully.

2026-07-23 06:36:13,908 INFO Data loaded to Snowflake successfully.

2026-07-23 06:36:45,061 INFO Data loaded to Snowflake successfully.

2026-07-23 06:37:16,491 INFO Data loaded to Snowflake successfully.

2026-07-23 06:38:09,640 INFO Data loaded to Snowflake successfully.

2026-07-23 06:38:41,402 INFO Data loaded to Snowflake successfully.

2026-07-23 06:39:13,518 INFO Data loaded to Snowflake successfully.

2026-07-23 06:39:45,088 INFO Data loaded to Snowflake successfully.

2026-07-23 06:40:16,346 INFO Data loaded to Snowflake successfully.

2026-07-23 06:40:47,500 INFO Data loaded to Snowflake successfully.

2026-07-23 06:41:18,714 INFO Data loaded to Snowflake successfully.

2026-07-23 06:41:50,237 INFO Data loaded to Snowflake successfully.

2026-07-23 06:42:21,524 INFO Data loaded to Snowflake successfully.

2026-07-23 06:43:11,905 INFO Data loaded to Snowflake successfully.

2026-07-23 06:43:43,803 INFO Data loaded to Snowflake successfully.

2026-07-23 06:44:15,724 INFO Data loaded to Snowflake successfully.

2026-07-23 06:44:47,831 INFO Data loaded to Snowflake successfully.

2026-07-23 06:45:18,965 INFO Data loaded to Snowflake successfully.

2026-07-23 06:45:50,921 INFO Data loaded to Snowflake successfully.

2026-07-23 06:46:22,234 INFO Data loaded to Snowflake successfully.

2026-07-23 06:46:53,637 INFO Data loaded to Snowflake successfully.

2026-07-23 06:47:24,966 INFO Data loaded to Snowflake successfully.

2026-07-23 06:48:11,761 INFO Data loaded to Snowflake successfully.

2026-07-23 06:48:11,860 INFO Data loaded to Snowflake successfully.

2026-07-23 06:48:43,188 INFO Data loaded to Snowflake successfully.

2026-07-23 06:48:43,214 INFO Data loaded to Snowflake successfully.

2026-07-23 06:49:14,826 INFO Data loaded to Snowflake successfully.

2026-07-23 06:49:14,904 INFO Data loaded to Snowflake successfully.

2026-07-23 06:49:46,434 INFO Data loaded to Snowflake successfully.

2026-07-23 06:49:46,487 INFO Data loaded to Snowflake successfully.

2026-07-23 06:50:17,928 INFO Data loaded to Snowflake successfully.

2026-07-23 06:50:18,036 INFO Data loaded to Snowflake successfully.

2026-07-23 06:50:49,989 INFO Data loaded to Snowflake successfully.

2026-07-23 06:50:50,160 INFO Data loaded to Snowflake successfully.

2026-07-23 06:51:06,005 INFO Data loaded to Snowflake successfully.

2026-07-23 06:51:13,824 INFO Data loaded to Snowflake successfully.

2026-07-23 06:51:13,866 INFO Data loaded to Snowflake successfully.

2026-07-23 06:51:17,458 INFO ('DEV_DB', 'RAW')
2026-07-23 06:51:17,530 INFO ('DEV_DB', 'RAW')
2026-07-23 06:51:17,701 INFO ('DEV_DB', 'RAW')
2026-07-23 06:51:21,293 INFO [weather] Loaded 672 rows in 1 chunk(s).
2026-07-23 06:51:21,395 INFO [weather] Loaded 672 rows in 1 chunk(s).
2026-07-23 06:51:21,526 INFO [weather] Loaded 672 rows in 1 chunk(s).
2026-07-23 06:51:21,747 INFO Data loaded to Snowflake successfully.

2026-07-23 06:51:21,789 INFO Data loaded to Snowflake successfully.

2026-07-23 06:51:25,808 INFO Data loaded to Snowflake successfully.

2026-07-23 06:51:53,480 INFO Data loaded to Snowflake successfully.

2026-07-23 06:51:53,545 INFO Data loaded to Snowflake successfully.

2026-07-23 06:52:25,080 INFO Data loaded to Snowflake successfully.

2026-07-23 06:52:25,148 INFO Data loaded to Snowflake successfully.

2026-07-23 06:53:46,154 INFO Data loaded to Snowflake successfully.

2026-07-23 06:53:47,271 INFO Data loaded to Snowflake successfully.

2026-07-23 06:54:17,599 INFO Data loaded to Snowflake successfully.

2026-07-23 06:54:17,632 INFO Data loaded to Snowflake successfully.

2026-07-23 06:54:49,025 INFO Data loaded to Snowflake successfully.

2026-07-23 06:54:49,138 INFO Data loaded to Snowflake successfully.

2026-07-23 06:55:20,655 INFO Data loaded to Snowflake successfully.

2026-07-23 06:55:20,742 INFO Data loaded to Snowflake successfully.

2026-07-23 06:55:52,384 INFO Data loaded to Snowflake successfully.

2026-07-23 06:55:52,407 INFO Data loaded to Snowflake successfully.

2026-07-23 06:56:23,890 INFO Data loaded to Snowflake successfully.

2026-07-23 06:56:23,993 INFO Data loaded to Snowflake successfully.

2026-07-23 06:56:55,680 INFO Data loaded to Snowflake successfully.

2026-07-23 06:56:55,746 INFO Data loaded to Snowflake successfully.

2026-07-23 06:57:03,547 INFO Data loaded to Snowflake successfully.

2026-07-23 06:57:08,744 INFO Data loaded to Snowflake successfully.

2026-07-23 06:57:27,236 INFO Data loaded to Snowflake successfully.

2026-07-23 06:57:37,249 INFO Data loaded to Snowflake successfully.

2026-07-23 06:57:40,013 INFO Data loaded to Snowflake successfully.

2026-07-23 06:58:23,862 INFO Data loaded to Snowflake successfully.

2026-07-23 06:58:23,893 INFO Data loaded to Snowflake successfully.

2026-07-23 06:58:55,417 INFO Data loaded to Snowflake successfully.

2026-07-23 06:58:55,436 INFO Data loaded to Snowflake successfully.

2026-07-23 06:59:18,095 INFO Data loaded to Snowflake successfully.

2026-07-23 06:59:27,701 INFO Data loaded to Snowflake successfully.

2026-07-23 06:59:36,290 INFO Data loaded to Snowflake successfully.

2026-07-23 06:59:36,369 INFO Data loaded to Snowflake successfully.

2026-07-23 06:59:42,688 INFO Data loaded to Snowflake successfully.

2026-07-23 06:59:42,715 INFO Data loaded to Snowflake successfully.

2026-07-23 06:59:43,553 INFO Data loaded to Snowflake successfully.

2026-07-23 06:59:45,542 INFO ('DEV_DB', 'RAW')
2026-07-23 06:59:45,653 INFO ('DEV_DB', 'RAW')
2026-07-23 06:59:46,683 INFO ('DEV_DB', 'RAW')
2026-07-23 06:59:48,212 INFO [weather] Loaded 672 rows in 1 chunk(s).
2026-07-23 06:59:48,276 INFO [weather] Loaded 672 rows in 1 chunk(s).
2026-07-23 06:59:48,870 INFO [weather] Loaded 672 rows in 1 chunk(s).
2026-07-23 06:59:49,789 INFO Data loaded to Snowflake successfully.

2026-07-23 06:59:54,069 INFO Data loaded to Snowflake successfully.

2026-07-23 06:59:59,425 INFO Data loaded to Snowflake successfully.

2026-07-23 07:00:25,543 INFO Data loaded to Snowflake successfully.

2026-07-23 07:00:30,949 INFO Data loaded to Snowflake successfully.

2026-07-23 07:00:57,012 INFO Data loaded to Snowflake successfully.

2026-07-23 07:01:02,327 INFO Data loaded to Snowflake successfully.

2026-07-23 07:01:28,450 INFO Data loaded to Snowflake successfully.

2026-07-23 07:01:33,737 INFO Data loaded to Snowflake successfully.

2026-07-23 07:01:59,931 INFO Data loaded to Snowflake successfully.

2026-07-23 07:02:05,296 INFO Data loaded to Snowflake successfully.

2026-07-23 07:02:31,421 INFO Data loaded to Snowflake successfully.

2026-07-23 07:02:36,665 INFO Data loaded to Snowflake successfully.

2026-07-23 07:03:28,200 INFO Data loaded to Snowflake successfully.

2026-07-23 07:03:28,275 INFO Data loaded to Snowflake successfully.

2026-07-23 07:04:00,073 INFO Data loaded to Snowflake successfully.

2026-07-23 07:04:00,116 INFO Data loaded to Snowflake successfully.

2026-07-23 07:04:31,946 INFO Data loaded to Snowflake successfully.

2026-07-23 07:04:31,995 INFO Data loaded to Snowflake successfully.

2026-07-23 07:05:03,422 INFO Data loaded to Snowflake successfully.

2026-07-23 07:05:03,531 INFO Data loaded to Snowflake successfully.

2026-07-23 07:05:34,929 INFO Data loaded to Snowflake successfully.

2026-07-23 07:05:34,986 INFO Data loaded to Snowflake successfully.

2026-07-23 07:06:06,470 INFO Data loaded to Snowflake successfully.

2026-07-23 07:06:06,528 INFO Data loaded to Snowflake successfully.

2026-07-23 07:06:37,895 INFO Data loaded to Snowflake successfully.

2026-07-23 07:06:37,958 INFO Data loaded to Snowflake successfully.

2026-07-23 07:07:09,467 INFO Data loaded to Snowflake successfully.

2026-07-23 07:07:09,509 INFO Data loaded to Snowflake successfully.

2026-07-23 07:07:40,825 INFO Data loaded to Snowflake successfully.

2026-07-23 07:07:40,846 INFO Data loaded to Snowflake successfully.

2026-07-23 07:08:26,389 INFO Data loaded to Snowflake successfully.

2026-07-23 07:08:26,412 INFO Data loaded to Snowflake successfully.

2026-07-23 07:08:50,698 INFO Data loaded to Snowflake successfully.

2026-07-23 07:08:57,964 INFO Data loaded to Snowflake successfully.

2026-07-23 07:09:13,107 INFO Data loaded to Snowflake successfully.

2026-07-23 07:09:20,628 INFO Data loaded to Snowflake successfully.

2026-07-23 07:09:20,674 INFO Data loaded to Snowflake successfully.

2026-07-23 07:09:21,864 INFO Data loaded to Snowflake successfully.

2026-07-23 07:09:23,596 INFO ('DEV_DB', 'RAW')
2026-07-23 07:09:23,740 INFO ('DEV_DB', 'RAW')
2026-07-23 07:09:26,965 INFO [weather] Loaded 672 rows in 1 chunk(s).
2026-07-23 07:09:29,109 INFO Data loaded to Snowflake successfully.

2026-07-23 07:09:52,958 INFO Data loaded to Snowflake successfully.

2026-07-23 07:10:00,213 INFO Data loaded to Snowflake successfully.

2026-07-23 07:10:24,088 INFO Data loaded to Snowflake successfully.

2026-07-23 07:10:31,582 INFO Data loaded to Snowflake successfully.

2026-07-23 07:10:55,357 INFO Data loaded to Snowflake successfully.

2026-07-23 07:11:02,737 INFO Data loaded to Snowflake successfully.

2026-07-23 07:11:26,626 INFO Data loaded to Snowflake successfully.

2026-07-23 07:11:34,019 INFO Data loaded to Snowflake successfully.

2026-07-23 07:11:58,090 INFO Data loaded to Snowflake successfully.

2026-07-23 07:12:05,454 INFO Data loaded to Snowflake successfully.

2026-07-23 07:12:09,954 INFO Data loaded to Snowflake successfully.

2026-07-23 07:12:31,661 INFO Data loaded to Snowflake successfully.

2026-07-23 07:12:36,830 INFO Data loaded to Snowflake successfully.

2026-07-23 07:12:43,387 INFO Data loaded to Snowflake successfully.

2026-07-23 07:12:49,136 INFO Data loaded to Snowflake successfully.

2026-07-23 07:12:49,167 INFO Data loaded to Snowflake successfully.

2026-07-23 07:12:52,067 INFO ('DEV_DB', 'RAW')
2026-07-23 07:12:52,281 INFO ('DEV_DB', 'RAW')
2026-07-23 07:12:52,882 INFO ('DEV_DB', 'RAW')
2026-07-23 07:12:56,248 INFO [weather] Loaded 672 rows in 1 chunk(s).
2026-07-23 07:12:56,352 INFO [weather] Loaded 672 rows in 1 chunk(s).
2026-07-23 07:12:56,553 INFO [weather] Loaded 672 rows in 1 chunk(s).
2026-07-23 07:13:28,979 INFO Data loaded to Snowflake successfully.

2026-07-23 07:13:29,041 INFO Data loaded to Snowflake successfully.

2026-07-23 07:14:00,526 INFO Data loaded to Snowflake successfully.

2026-07-23 07:14:00,625 INFO Data loaded to Snowflake successfully.

2026-07-23 07:14:32,043 INFO Data loaded to Snowflake successfully.

2026-07-23 07:14:32,140 INFO Data loaded to Snowflake successfully.

2026-07-23 07:15:03,787 INFO Data loaded to Snowflake successfully.

2026-07-23 07:15:03,829 INFO Data loaded to Snowflake successfully.

2026-07-23 07:15:10,780 INFO Data loaded to Snowflake successfully.

2026-07-23 07:15:26,642 INFO Data loaded to Snowflake successfully.

2026-07-23 07:15:31,015 INFO Data loaded to Snowflake successfully.

2026-07-23 07:15:35,300 INFO ('DEV_DB', 'RAW')
2026-07-23 07:15:35,507 INFO Data loaded to Snowflake successfully.

2026-07-23 07:15:39,109 INFO [weather] Loaded 672 rows in 1 chunk(s).
2026-07-23 07:15:41,982 INFO Data loaded to Snowflake successfully.

2026-07-23 07:16:06,815 INFO Data loaded to Snowflake successfully.

2026-07-23 07:16:13,189 INFO Data loaded to Snowflake successfully.

2026-07-23 07:16:38,144 INFO Data loaded to Snowflake successfully.

2026-07-23 07:16:44,615 INFO Data loaded to Snowflake successfully.

2026-07-23 07:17:09,407 INFO Data loaded to Snowflake successfully.

2026-07-23 07:17:16,262 INFO Data loaded to Snowflake successfully.

2026-07-23 07:17:42,158 INFO Data loaded to Snowflake successfully.

2026-07-23 07:17:47,325 INFO Data loaded to Snowflake successfully.

2026-07-23 07:18:30,128 INFO Data loaded to Snowflake successfully.

2026-07-23 07:18:30,243 INFO Data loaded to Snowflake successfully.

2026-07-23 07:19:01,591 INFO Data loaded to Snowflake successfully.

2026-07-23 07:19:01,645 INFO Data loaded to Snowflake successfully.

2026-07-23 07:19:33,039 INFO Data loaded to Snowflake successfully.

2026-07-23 07:20:04,585 INFO Data loaded to Snowflake successfully.

2026-07-23 07:20:04,626 INFO Data loaded to Snowflake successfully.

2026-07-23 07:20:35,940 INFO Data loaded to Snowflake successfully.

2026-07-23 07:20:35,961 INFO Data loaded to Snowflake successfully.

2026-07-23 07:21:07,530 INFO Data loaded to Snowflake successfully.

2026-07-23 07:21:07,548 INFO Data loaded to Snowflake successfully.

2026-07-23 07:21:38,943 INFO Data loaded to Snowflake successfully.

2026-07-23 07:21:38,965 INFO Data loaded to Snowflake successfully.

2026-07-23 07:22:10,361 INFO Data loaded to Snowflake successfully.

2026-07-23 07:22:10,445 INFO Data loaded to Snowflake successfully.

2026-07-23 07:22:41,783 INFO Data loaded to Snowflake successfully.

2026-07-23 07:22:41,834 INFO Data loaded to Snowflake successfully.

2026-07-23 07:23:32,900 INFO Data loaded to Snowflake successfully.

2026-07-23 07:23:32,954 INFO Data loaded to Snowflake successfully.

2026-07-23 07:24:04,335 INFO Data loaded to Snowflake successfully.

2026-07-23 07:24:04,411 INFO Data loaded to Snowflake successfully.

2026-07-23 07:24:35,755 INFO Data loaded to Snowflake successfully.

2026-07-23 07:24:35,793 INFO Data loaded to Snowflake successfully.

2026-07-23 07:25:07,202 INFO Data loaded to Snowflake successfully.

2026-07-23 07:25:07,301 INFO Data loaded to Snowflake successfully.

2026-07-23 07:25:38,540 INFO Data loaded to Snowflake successfully.

2026-07-23 07:25:38,627 INFO Data loaded to Snowflake successfully.

2026-07-23 07:26:10,052 INFO Data loaded to Snowflake successfully.

2026-07-23 07:26:10,143 INFO Data loaded to Snowflake successfully.

2026-07-23 07:26:41,549 INFO Data loaded to Snowflake successfully.

2026-07-23 07:26:41,595 INFO Data loaded to Snowflake successfully.

2026-07-23 07:27:12,950 INFO Data loaded to Snowflake successfully.

2026-07-23 07:27:12,989 INFO Data loaded to Snowflake successfully.

2026-07-23 07:27:44,482 INFO Data loaded to Snowflake successfully.

2026-07-23 07:27:44,536 INFO Data loaded to Snowflake successfully.

2026-07-23 07:28:35,983 INFO Data loaded to Snowflake successfully.

2026-07-23 07:28:36,089 INFO Data loaded to Snowflake successfully.

2026-07-23 07:29:07,490 INFO Data loaded to Snowflake successfully.

2026-07-23 07:29:07,574 INFO Data loaded to Snowflake successfully.

2026-07-23 07:29:38,974 INFO Data loaded to Snowflake successfully.

2026-07-23 07:29:39,088 INFO Data loaded to Snowflake successfully.

2026-07-23 07:30:04,179 INFO Data loaded to Snowflake successfully.

2026-07-23 07:30:10,427 INFO Data loaded to Snowflake successfully.

2026-07-23 07:30:24,056 INFO Data loaded to Snowflake successfully.

2026-07-23 07:30:47,749 INFO Data loaded to Snowflake successfully.

2026-07-23 07:31:03,068 INFO Data loaded to Snowflake successfully.

2026-07-23 07:31:19,613 INFO Data loaded to Snowflake successfully.

2026-07-23 07:31:29,509 INFO Data loaded to Snowflake successfully.

2026-07-23 07:31:34,806 INFO Data loaded to Snowflake successfully.

2026-07-23 07:31:43,518 INFO Data loaded to Snowflake successfully.

2026-07-23 07:31:51,835 INFO ('DEV_DB', 'RAW')
2026-07-23 07:31:59,233 ERROR [weather] Load failed: 000904 (42000): 01c5e563-3202-fe3e-0017-9afa000e41e2: SQL compilation error: error line 1 at position 86
invalid identifier 'LOCATION'
2026-07-23 07:32:00,863 INFO Data loaded to Snowflake successfully.

2026-07-23 07:32:05,938 INFO Data loaded to Snowflake successfully.

2026-07-23 07:32:32,113 INFO Data loaded to Snowflake successfully.

2026-07-23 07:32:37,166 INFO Data loaded to Snowflake successfully.

2026-07-23 07:33:54,149 INFO Data loaded to Snowflake successfully.

2026-07-23 07:33:54,714 INFO Data loaded to Snowflake successfully.

2026-07-23 07:34:25,793 INFO Data loaded to Snowflake successfully.

2026-07-23 07:34:27,992 INFO Data loaded to Snowflake successfully.

2026-07-23 07:34:57,244 INFO Data loaded to Snowflake successfully.

2026-07-23 07:34:59,235 INFO Data loaded to Snowflake successfully.

2026-07-23 07:35:28,905 INFO Data loaded to Snowflake successfully.

2026-07-23 07:35:30,844 INFO Data loaded to Snowflake successfully.

2026-07-23 07:36:00,385 INFO Data loaded to Snowflake successfully.

2026-07-23 07:36:02,293 INFO Data loaded to Snowflake successfully.

2026-07-23 07:36:31,852 INFO Data loaded to Snowflake successfully.

2026-07-23 07:36:33,836 INFO Data loaded to Snowflake successfully.

2026-07-23 07:37:03,319 INFO Data loaded to Snowflake successfully.

2026-07-23 07:37:05,367 INFO Data loaded to Snowflake successfully.

2026-07-23 07:37:35,196 INFO Data loaded to Snowflake successfully.

2026-07-23 07:37:37,129 INFO Data loaded to Snowflake successfully.

2026-07-23 07:38:06,254 INFO Data loaded to Snowflake successfully.

2026-07-23 07:38:38,723 INFO Data loaded to Snowflake successfully.

2026-07-23 07:38:43,554 INFO Data loaded to Snowflake successfully.

2026-07-23 07:38:54,274 INFO Data loaded to Snowflake successfully.

2026-07-23 07:38:59,677 INFO ['location', 'latitude', 'longitude', 'elevation', 'hour_date', 'hour_time', 'hour_temp', 'hour_precipitation', 'FETCHED_AT']
2026-07-23 07:39:04,204 ERROR [weather] Load failed: 000904 (42000): 01c5e56b-3202-fe3f-0017-9afa000e5062: SQL compilation error: error line 1 at position 86
invalid identifier 'LOCATION'
2026-07-23 07:39:09,034 INFO Data loaded to Snowflake successfully.

2026-07-23 07:39:10,162 INFO Data loaded to Snowflake successfully.

2026-07-23 07:39:40,783 INFO Data loaded to Snowflake successfully.

2026-07-23 07:39:41,991 INFO Data loaded to Snowflake successfully.

2026-07-23 07:40:04,474 INFO Data loaded to Snowflake successfully.

2026-07-23 07:40:10,026 INFO Data loaded to Snowflake successfully.

2026-07-23 07:40:11,845 INFO Data loaded to Snowflake successfully.

2026-07-23 07:40:12,808 INFO ['location', 'latitude', 'longitude', 'elevation', 'hour_date', 'hour_time', 'hour_temp', 'hour_precipitation', 'FETCHED_AT']
2026-07-23 07:40:14,256 INFO Data loaded to Snowflake successfully.

2026-07-23 07:40:17,865 ERROR [weather] Load failed: 000904 (42000): 01c5e56c-3202-fe3e-0017-9afa000e41fe: SQL compilation error: error line 1 at position 86
invalid identifier 'LOCATION'
2026-07-23 07:40:43,150 INFO Data loaded to Snowflake successfully.

2026-07-23 07:40:46,238 INFO Data loaded to Snowflake successfully.

2026-07-23 07:41:08,449 INFO Data loaded to Snowflake successfully.

2026-07-23 07:41:14,977 INFO Data loaded to Snowflake successfully.

2026-07-23 07:41:17,339 INFO Data loaded to Snowflake successfully.

2026-07-23 07:41:21,588 INFO Data loaded to Snowflake successfully.

2026-07-23 07:41:46,968 INFO Data loaded to Snowflake successfully.

2026-07-23 07:41:49,082 INFO Data loaded to Snowflake successfully.

2026-07-23 07:42:17,983 INFO Data loaded to Snowflake successfully.

2026-07-23 07:42:20,522 INFO Data loaded to Snowflake successfully.

2026-07-23 07:42:49,400 INFO Data loaded to Snowflake successfully.

2026-07-23 07:42:51,885 INFO Data loaded to Snowflake successfully.

2026-07-23 07:43:42,595 INFO Data loaded to Snowflake successfully.

2026-07-23 07:43:42,681 INFO Data loaded to Snowflake successfully.

2026-07-23 07:44:14,526 INFO Data loaded to Snowflake successfully.

2026-07-23 07:44:14,606 INFO Data loaded to Snowflake successfully.

2026-07-23 07:44:45,502 INFO Data loaded to Snowflake successfully.

2026-07-23 07:44:46,532 INFO Data loaded to Snowflake successfully.

2026-07-23 07:45:16,804 INFO Data loaded to Snowflake successfully.

2026-07-23 07:45:17,821 INFO Data loaded to Snowflake successfully.

2026-07-23 07:45:48,990 INFO Data loaded to Snowflake successfully.

2026-07-23 07:45:49,891 INFO Data loaded to Snowflake successfully.

2026-07-23 07:46:05,935 INFO Data loaded to Snowflake successfully.

2026-07-23 07:46:19,967 INFO Data loaded to Snowflake successfully.

2026-07-23 07:46:21,117 INFO Data loaded to Snowflake successfully.

2026-07-23 07:46:39,491 INFO Data loaded to Snowflake successfully.

2026-07-23 07:46:52,890 INFO Data loaded to Snowflake successfully.

2026-07-23 07:47:11,010 INFO Data loaded to Snowflake successfully.

2026-07-23 07:47:21,498 INFO Data loaded to Snowflake successfully.

2026-07-23 07:47:22,926 INFO ['LOCATION', 'LATITUDE', 'LONGITUDE', 'ELEVATION', 'HOUR_DATE', 'HOUR_TIME', 'HOUR_TEMP', 'HOUR_PRECIPITATION', 'FETCHED_AT']
2026-07-23 07:47:24,632 INFO Data loaded to Snowflake successfully.

2026-07-23 07:47:31,531 INFO [weather] Loaded 672 rows in 1 chunk(s).
2026-07-23 07:47:33,322 INFO Data loaded to Snowflake successfully.

2026-07-23 07:47:42,730 INFO Data loaded to Snowflake successfully.

2026-07-23 07:47:56,210 INFO Data loaded to Snowflake successfully.

2026-07-23 07:48:45,247 INFO Data loaded to Snowflake successfully.

2026-07-23 07:48:45,349 INFO Data loaded to Snowflake successfully.

2026-07-23 07:49:16,093 INFO Data loaded to Snowflake successfully.

2026-07-23 07:49:17,050 INFO Data loaded to Snowflake successfully.

2026-07-23 07:49:47,384 INFO Data loaded to Snowflake successfully.

2026-07-23 07:49:48,294 INFO Data loaded to Snowflake successfully.

2026-07-23 07:50:18,626 INFO Data loaded to Snowflake successfully.

2026-07-23 07:50:19,436 INFO Data loaded to Snowflake successfully.

2026-07-23 09:26:15,720 INFO Data loaded to Snowflake successfully.

2026-07-23 09:26:15,817 INFO Data loaded to Snowflake successfully.

2026-07-23 09:27:16,495 INFO Data loaded to Snowflake successfully.

2026-07-23 09:27:16,571 INFO Data loaded to Snowflake successfully.

2026-07-23 09:27:48,339 INFO Data loaded to Snowflake successfully.

2026-07-23 09:27:48,421 INFO Data loaded to Snowflake successfully.

2026-07-23 09:28:20,047 INFO Data loaded to Snowflake successfully.

2026-07-23 09:28:20,102 INFO Data loaded to Snowflake successfully.

2026-07-23 09:28:51,615 INFO Data loaded to Snowflake successfully.

2026-07-23 09:28:51,674 INFO Data loaded to Snowflake successfully.

2026-07-23 09:29:23,209 INFO Data loaded to Snowflake successfully.

2026-07-23 09:29:23,264 INFO Data loaded to Snowflake successfully.

2026-07-23 09:29:34,313 INFO Data loaded to Snowflake successfully.

2026-07-23 09:29:54,484 INFO Data loaded to Snowflake successfully.

2026-07-23 09:30:05,435 INFO Data loaded to Snowflake successfully.

2026-07-23 09:30:25,853 INFO Data loaded to Snowflake successfully.

2026-07-23 09:30:36,859 INFO Data loaded to Snowflake successfully.

2026-07-23 09:30:57,176 INFO Data loaded to Snowflake successfully.

2026-07-23 09:31:08,343 INFO Data loaded to Snowflake successfully.

2026-07-23 09:31:48,908 INFO Data loaded to Snowflake successfully.

2026-07-23 09:31:48,972 INFO Data loaded to Snowflake successfully.

2026-07-23 09:32:12,041 INFO Data loaded to Snowflake successfully.

2026-07-23 09:32:12,072 INFO Data loaded to Snowflake successfully.

2026-07-23 09:32:14,453 INFO ['LOCATION', 'LATITUDE', 'LONGITUDE', 'ELEVATION', 'HOUR_DATE', 'HOUR_TIME', 'HOUR_TEMP', 'HOUR_PRECIPITATION', 'FETCHED_AT']
2026-07-23 09:32:14,868 INFO ['LOCATION', 'LATITUDE', 'LONGITUDE', 'ELEVATION', 'HOUR_DATE', 'HOUR_TIME', 'HOUR_TEMP', 'HOUR_PRECIPITATION', 'FETCHED_AT']
2026-07-23 09:32:15,126 INFO ['LOCATION', 'LATITUDE', 'LONGITUDE', 'ELEVATION', 'HOUR_DATE', 'HOUR_TIME', 'HOUR_TEMP', 'HOUR_PRECIPITATION', 'FETCHED_AT']
2026-07-23 09:32:15,337 INFO ['NAME', 'STAY_TYPE', 'RATING', 'PRICE', 'LOCATION', 'NOPEOPLE', 'BEDS', 'BEDROOM', 'BATHROOM', 'CHECK_IN_OUT', 'CLOSE_TO_AIRPORT', 'FETCHED_AT']
2026-07-23 09:32:15,459 INFO ['NAME', 'STAY_TYPE', 'RATING', 'PRICE', 'LOCATION', 'NOPEOPLE', 'BEDS', 'BEDROOM', 'BATHROOM', 'CHECK_IN_OUT', 'CLOSE_TO_AIRPORT', 'FETCHED_AT']
2026-07-23 09:32:15,544 INFO ['AIRLINE', 'AIRPLANE', 'DEPARTURE_DATE', 'DEPARTURE_TIME', 'ARRIVAL_DATE', 'ARRIVAL_TIME', 'DURATION', 'LEG_ROOM', 'PRICE', 'LOCATION', 'FLIGHT_NUMBER', 'FETCHED_AT']
2026-07-23 09:32:15,753 WARNING [hotel] Empty DataFrame, skipping load
2026-07-23 09:32:15,841 INFO ['AIRLINE', 'AIRPLANE', 'DEPARTURE_DATE', 'DEPARTURE_TIME', 'ARRIVAL_DATE', 'ARRIVAL_TIME', 'DURATION', 'LEG_ROOM', 'PRICE', 'LOCATION', 'FLIGHT_NUMBER', 'FETCHED_AT']
2026-07-23 09:32:20,279 INFO ['AIRLINE', 'AIRPLANE', 'DEPARTURE_DATE', 'DEPARTURE_TIME', 'ARRIVAL_DATE', 'ARRIVAL_TIME', 'DURATION', 'LEG_ROOM', 'PRICE', 'LOCATION', 'FLIGHT_NUMBER', 'FETCHED_AT']
2026-07-23 09:32:20,921 INFO Data loaded to Snowflake successfully.

2026-07-23 09:32:21,036 INFO Data loaded to Snowflake successfully.

2026-07-23 09:32:28,891 INFO [weather] Loaded 672 rows in 1 chunk(s).
2026-07-23 09:32:29,275 INFO [weather] Loaded 672 rows in 1 chunk(s).
2026-07-23 09:32:29,617 INFO [weather] Loaded 672 rows in 1 chunk(s).
2026-07-23 09:32:30,128 INFO [flight] Loaded 28 rows in 1 chunk(s).
2026-07-23 09:32:31,962 INFO [hotel] Loaded 13 rows in 1 chunk(s).
2026-07-23 09:32:32,981 INFO [hotel] Loaded 7 rows in 1 chunk(s).
2026-07-23 09:32:34,203 INFO [flight] Loaded 4 rows in 1 chunk(s).
2026-07-23 09:32:34,876 INFO [flight] Loaded 3 rows in 1 chunk(s).
2026-07-23 09:32:36,930 INFO Data loaded to Snowflake successfully.

2026-07-23 09:32:52,593 INFO Data loaded to Snowflake successfully.

2026-07-23 09:32:52,653 INFO Data loaded to Snowflake successfully.

2026-07-23 09:33:24,309 INFO Data loaded to Snowflake successfully.

2026-07-23 09:33:24,381 INFO Data loaded to Snowflake successfully.

2026-07-23 09:33:56,068 INFO Data loaded to Snowflake successfully.

2026-07-23 09:33:56,143 INFO Data loaded to Snowflake successfully.

2026-07-23 09:34:27,773 INFO Data loaded to Snowflake successfully.

2026-07-23 09:34:27,840 INFO Data loaded to Snowflake successfully.

2026-07-23 09:34:53,651 INFO Data loaded to Snowflake successfully.

2026-07-23 09:34:59,628 INFO Data loaded to Snowflake successfully.

2026-07-23 09:34:59,630 INFO Data loaded to Snowflake successfully.

2026-07-23 09:35:13,215 INFO Data loaded to Snowflake successfully.

2026-07-23 09:35:14,110 INFO Data loaded to Snowflake successfully.

2026-07-23 09:35:31,323 INFO Data loaded to Snowflake successfully.

2026-07-23 09:35:45,313 INFO Data loaded to Snowflake successfully.

2026-07-23 09:36:02,551 INFO Data loaded to Snowflake successfully.

2026-07-23 09:36:16,592 INFO Data loaded to Snowflake successfully.

2026-07-23 09:36:46,616 INFO Data loaded to Snowflake successfully.

2026-07-23 09:36:48,488 INFO Data loaded to Snowflake successfully.

2026-07-23 09:37:18,033 INFO Data loaded to Snowflake successfully.

2026-07-23 09:37:19,581 INFO Data loaded to Snowflake successfully.

2026-07-23 09:37:49,161 INFO Data loaded to Snowflake successfully.

2026-07-23 09:37:50,455 INFO Data loaded to Snowflake successfully.

2026-07-23 09:38:20,675 INFO Data loaded to Snowflake successfully.

2026-07-23 09:38:21,591 INFO Data loaded to Snowflake successfully.

2026-07-23 09:38:51,665 INFO Data loaded to Snowflake successfully.

2026-07-23 09:38:52,667 INFO Data loaded to Snowflake successfully.

2026-07-23 09:39:22,665 INFO Data loaded to Snowflake successfully.

2026-07-23 09:39:23,688 INFO Data loaded to Snowflake successfully.

2026-07-23 09:39:53,936 INFO Data loaded to Snowflake successfully.

2026-07-23 09:39:54,808 INFO Data loaded to Snowflake successfully.

2026-07-23 09:40:24,975 INFO Data loaded to Snowflake successfully.

2026-07-23 09:40:25,759 INFO Data loaded to Snowflake successfully.

2026-07-23 09:40:55,789 INFO Data loaded to Snowflake successfully.

2026-07-23 09:40:56,577 INFO Data loaded to Snowflake successfully.

2026-07-23 09:41:48,117 INFO Data loaded to Snowflake successfully.

2026-07-23 09:41:48,195 INFO Data loaded to Snowflake successfully.

2026-07-23 09:42:19,650 INFO Data loaded to Snowflake successfully.

2026-07-23 09:42:19,697 INFO Data loaded to Snowflake successfully.

2026-07-23 09:42:51,097 INFO Data loaded to Snowflake successfully.

2026-07-23 09:42:51,164 INFO Data loaded to Snowflake successfully.

2026-07-23 09:43:18,548 INFO Data loaded to Snowflake successfully.

2026-07-23 09:43:22,404 INFO Data loaded to Snowflake successfully.

2026-07-23 09:43:49,420 INFO Data loaded to Snowflake successfully.

2026-07-23 09:43:53,336 INFO Data loaded to Snowflake successfully.

2026-07-23 09:44:20,416 INFO Data loaded to Snowflake successfully.

2026-07-23 09:44:24,318 INFO Data loaded to Snowflake successfully.

2026-07-23 09:44:26,708 INFO Data loaded to Snowflake successfully.

2026-07-23 09:44:26,968 INFO Data loaded to Snowflake successfully.

2026-07-23 09:44:26,999 INFO Data loaded to Snowflake successfully.

2026-07-23 09:44:30,310 INFO ['MONTHS', 'LATITUDE', 'LONGITUDE', 'TEMPERATURE_2M', 'TEMPERATURE_2M_MAX', 'TEMPERATURE_2M_MIN', 'PRECIPITATION', 'SUNSHINE_DURATION', 'LOCATION', 'FETCHED_AT']
2026-07-23 09:44:43,711 INFO [monthly_weather] Loaded 12 rows in 1 chunk(s).
2026-07-23 09:44:51,476 INFO Data loaded to Snowflake successfully.

2026-07-23 09:44:55,333 INFO Data loaded to Snowflake successfully.

2026-07-23 09:45:01,900 INFO ['LOCATION', 'MONTHS', 'PRICE', 'FETCHED_AT']
2026-07-23 09:45:08,195 INFO [monthly_hotel] Loaded 10 rows in 1 chunk(s).
2026-07-23 09:45:14,022 INFO ['LOCATION', 'MONTHS', 'PRICE', 'PRICE_RANGE', 'FETCHED_AT']
2026-07-23 09:45:19,448 INFO [monthly_flight] Loaded 10 rows in 1 chunk(s).
2026-07-23 09:45:21,353 INFO Data loaded to Snowflake successfully.

2026-07-23 09:45:22,388 INFO Data loaded to Snowflake successfully.

2026-07-23 09:45:26,287 INFO Data loaded to Snowflake successfully.

2026-07-23 09:45:53,248 INFO Data loaded to Snowflake successfully.

2026-07-23 09:45:57,261 INFO Data loaded to Snowflake successfully.

2026-07-23 09:46:49,347 INFO Data loaded to Snowflake successfully.

2026-07-23 09:46:49,390 INFO Data loaded to Snowflake successfully.

2026-07-23 09:47:20,968 INFO Data loaded to Snowflake successfully.

2026-07-23 09:47:21,016 INFO Data loaded to Snowflake successfully.

2026-07-23 09:47:52,476 INFO Data loaded to Snowflake successfully.

2026-07-23 09:47:52,537 INFO Data loaded to Snowflake successfully.

2026-07-23 09:48:23,760 INFO Data loaded to Snowflake successfully.

2026-07-23 09:48:23,810 INFO Data loaded to Snowflake successfully.

2026-07-23 09:48:54,994 INFO Data loaded to Snowflake successfully.

2026-07-23 09:48:55,074 INFO Data loaded to Snowflake successfully.

2026-07-23 09:49:26,435 INFO Data loaded to Snowflake successfully.

2026-07-23 09:49:26,468 INFO Data loaded to Snowflake successfully.

2026-07-23 09:49:57,209 INFO Data loaded to Snowflake successfully.

2026-07-23 09:49:58,098 INFO Data loaded to Snowflake successfully.

2026-07-23 09:50:27,953 INFO Data loaded to Snowflake successfully.

2026-07-23 09:50:29,795 INFO Data loaded to Snowflake successfully.

2026-07-23 09:50:59,828 INFO Data loaded to Snowflake successfully.

2026-07-23 09:51:00,913 INFO Data loaded to Snowflake successfully.

2026-07-23 09:51:54,197 INFO Data loaded to Snowflake successfully.

2026-07-23 09:51:54,290 INFO Data loaded to Snowflake successfully.

2026-07-23 09:52:25,864 INFO Data loaded to Snowflake successfully.

2026-07-23 09:52:25,929 INFO Data loaded to Snowflake successfully.

2026-07-23 09:52:57,623 INFO Data loaded to Snowflake successfully.

2026-07-23 09:52:57,644 INFO Data loaded to Snowflake successfully.

2026-07-23 09:53:29,284 INFO Data loaded to Snowflake successfully.

2026-07-23 09:54:00,987 INFO Data loaded to Snowflake successfully.

2026-07-23 09:54:01,057 INFO Data loaded to Snowflake successfully.

2026-07-23 09:54:32,802 INFO Data loaded to Snowflake successfully.

2026-07-23 09:54:32,824 INFO Data loaded to Snowflake successfully.

2026-07-23 09:55:04,566 INFO Data loaded to Snowflake successfully.

2026-07-23 09:55:04,620 INFO Data loaded to Snowflake successfully.

2026-07-23 09:55:36,254 INFO Data loaded to Snowflake successfully.

2026-07-23 09:55:36,325 INFO Data loaded to Snowflake successfully.

2026-07-23 09:56:07,995 INFO Data loaded to Snowflake successfully.

2026-07-23 09:56:08,107 INFO Data loaded to Snowflake successfully.

2026-07-23 09:56:57,008 INFO Data loaded to Snowflake successfully.

2026-07-23 09:56:57,104 INFO Data loaded to Snowflake successfully.

2026-07-23 09:57:28,756 INFO Data loaded to Snowflake successfully.

2026-07-23 09:57:28,785 INFO Data loaded to Snowflake successfully.

2026-07-23 09:57:59,856 INFO Data loaded to Snowflake successfully.

2026-07-23 09:57:59,894 INFO Data loaded to Snowflake successfully.

2026-07-23 09:58:31,561 INFO Data loaded to Snowflake successfully.

2026-07-23 09:58:31,612 INFO Data loaded to Snowflake successfully.

2026-07-23 09:59:03,209 INFO Data loaded to Snowflake successfully.

2026-07-23 09:59:03,222 INFO Data loaded to Snowflake successfully.

2026-07-23 09:59:27,000 INFO Data loaded to Snowflake successfully.

2026-07-23 09:59:29,493 INFO ['LOCATION', 'LATITUDE', 'LONGITUDE', 'ELEVATION', 'HOUR_DATE', 'HOUR_TIME', 'HOUR_TEMP', 'HOUR_PRECIPITATION', 'FETCHED_AT']
2026-07-23 09:59:29,494 INFO LOCATION                      object
LATITUDE                     float64
LONGITUDE                    float64
ELEVATION                    float64
HOUR_DATE                     object
HOUR_TIME                     object
HOUR_TEMP                    float64
HOUR_PRECIPITATION           float64
FETCHED_AT            datetime64[us]
dtype: object
2026-07-23 09:59:34,979 INFO Data loaded to Snowflake successfully.

2026-07-23 09:59:35,019 INFO Data loaded to Snowflake successfully.

2026-07-23 09:59:35,089 INFO [weather] Loaded 672 rows in 1 chunk(s).
2026-07-23 09:59:36,948 INFO Data loaded to Snowflake successfully.

2026-07-23 10:00:06,156 INFO Data loaded to Snowflake successfully.

2026-07-23 10:00:38,054 INFO Data loaded to Snowflake successfully.

2026-07-23 10:00:38,140 INFO Data loaded to Snowflake successfully.

2026-07-23 10:01:08,882 INFO Data loaded to Snowflake successfully.

2026-07-23 10:01:09,645 INFO Data loaded to Snowflake successfully.

2026-07-23 10:02:03,674 INFO Data loaded to Snowflake successfully.

2026-07-23 10:02:03,734 INFO Data loaded to Snowflake successfully.

2026-07-23 10:02:35,887 INFO Data loaded to Snowflake successfully.

2026-07-23 10:02:35,941 INFO Data loaded to Snowflake successfully.

2026-07-23 10:03:07,151 INFO Data loaded to Snowflake successfully.

2026-07-23 10:03:07,206 INFO Data loaded to Snowflake successfully.

2026-07-23 10:03:38,791 INFO Data loaded to Snowflake successfully.

2026-07-23 10:03:38,851 INFO Data loaded to Snowflake successfully.

2026-07-23 10:04:10,427 INFO Data loaded to Snowflake successfully.

2026-07-23 10:04:10,484 INFO Data loaded to Snowflake successfully.

2026-07-23 10:04:42,242 INFO Data loaded to Snowflake successfully.

2026-07-23 10:04:42,306 INFO Data loaded to Snowflake successfully.

2026-07-23 10:05:13,005 INFO Data loaded to Snowflake successfully.

2026-07-23 10:05:13,770 INFO Data loaded to Snowflake successfully.

2026-07-23 10:05:44,137 INFO Data loaded to Snowflake successfully.

2026-07-23 10:05:44,881 INFO Data loaded to Snowflake successfully.

2026-07-23 10:06:15,228 INFO Data loaded to Snowflake successfully.

2026-07-23 10:06:16,026 INFO Data loaded to Snowflake successfully.

2026-07-23 10:07:00,741 INFO Data loaded to Snowflake successfully.

2026-07-23 10:07:00,802 INFO Data loaded to Snowflake successfully.

2026-07-23 10:07:32,419 INFO Data loaded to Snowflake successfully.

2026-07-23 10:07:32,436 INFO Data loaded to Snowflake successfully.

2026-07-23 10:08:04,503 INFO Data loaded to Snowflake successfully.

2026-07-23 10:08:04,529 INFO Data loaded to Snowflake successfully.

2026-07-23 10:08:36,398 INFO Data loaded to Snowflake successfully.

2026-07-23 10:08:36,486 INFO Data loaded to Snowflake successfully.

2026-07-23 10:09:08,317 INFO Data loaded to Snowflake successfully.

2026-07-23 10:09:40,714 INFO Data loaded to Snowflake successfully.

2026-07-23 10:09:40,750 INFO Data loaded to Snowflake successfully.

2026-07-23 10:10:11,983 INFO Data loaded to Snowflake successfully.

2026-07-23 10:10:12,054 INFO Data loaded to Snowflake successfully.

2026-07-23 10:10:43,626 INFO Data loaded to Snowflake successfully.

2026-07-23 10:10:43,691 INFO Data loaded to Snowflake successfully.

2026-07-23 10:11:15,310 INFO Data loaded to Snowflake successfully.

2026-07-23 10:11:15,334 INFO Data loaded to Snowflake successfully.

2026-07-23 10:12:07,992 INFO Data loaded to Snowflake successfully.

2026-07-23 10:12:08,058 INFO Data loaded to Snowflake successfully.

2026-07-23 10:12:38,895 INFO Data loaded to Snowflake successfully.

2026-07-23 10:12:39,937 INFO Data loaded to Snowflake successfully.

2026-07-23 10:13:10,496 INFO Data loaded to Snowflake successfully.

2026-07-23 10:13:11,722 INFO Data loaded to Snowflake successfully.

2026-07-23 10:13:42,395 INFO Data loaded to Snowflake successfully.

2026-07-23 10:13:43,596 INFO Data loaded to Snowflake successfully.

2026-07-23 10:14:13,299 INFO Data loaded to Snowflake successfully.

2026-07-23 10:14:15,242 INFO Data loaded to Snowflake successfully.

2026-07-23 10:14:44,631 INFO Data loaded to Snowflake successfully.

2026-07-23 10:14:46,748 INFO Data loaded to Snowflake successfully.

2026-07-23 10:15:16,084 INFO Data loaded to Snowflake successfully.

2026-07-23 10:15:18,027 INFO Data loaded to Snowflake successfully.

2026-07-23 10:15:47,251 INFO Data loaded to Snowflake successfully.

2026-07-23 10:15:49,214 INFO Data loaded to Snowflake successfully.

2026-07-23 10:16:18,484 INFO Data loaded to Snowflake successfully.

2026-07-23 10:16:20,447 INFO Data loaded to Snowflake successfully.

2026-07-23 10:17:13,222 INFO Data loaded to Snowflake successfully.

2026-07-23 10:17:13,321 INFO Data loaded to Snowflake successfully.

2026-07-23 10:17:44,905 INFO Data loaded to Snowflake successfully.

2026-07-23 10:17:44,992 INFO Data loaded to Snowflake successfully.

2026-07-23 10:18:16,018 INFO Data loaded to Snowflake successfully.

2026-07-23 10:18:16,140 INFO Data loaded to Snowflake successfully.

2026-07-23 10:18:46,969 INFO Data loaded to Snowflake successfully.

2026-07-23 10:18:48,216 INFO Data loaded to Snowflake successfully.

2026-07-23 10:19:18,571 INFO Data loaded to Snowflake successfully.

2026-07-23 10:19:19,577 INFO Data loaded to Snowflake successfully.

2026-07-23 10:19:50,553 INFO Data loaded to Snowflake successfully.

2026-07-23 10:19:51,621 INFO Data loaded to Snowflake successfully.

2026-07-23 10:20:22,374 INFO Data loaded to Snowflake successfully.

2026-07-23 10:20:22,991 INFO Data loaded to Snowflake successfully.

2026-07-23 10:20:53,853 INFO Data loaded to Snowflake successfully.

2026-07-23 10:20:54,181 INFO Data loaded to Snowflake successfully.

2026-07-23 10:21:25,302 INFO Data loaded to Snowflake successfully.

2026-07-23 10:21:25,411 INFO Data loaded to Snowflake successfully.

2026-07-23 10:22:15,571 INFO Data loaded to Snowflake successfully.

2026-07-23 10:22:15,687 INFO Data loaded to Snowflake successfully.

2026-07-23 10:22:46,494 INFO Data loaded to Snowflake successfully.

2026-07-23 10:22:47,438 INFO Data loaded to Snowflake successfully.

2026-07-23 10:23:17,570 INFO Data loaded to Snowflake successfully.

2026-07-23 10:23:18,435 INFO Data loaded to Snowflake successfully.

2026-07-23 10:23:48,469 INFO Data loaded to Snowflake successfully.

2026-07-23 10:23:49,486 INFO Data loaded to Snowflake successfully.

2026-07-23 11:01:26,252 INFO Data loaded to Snowflake successfully.

2026-07-23 11:01:26,312 INFO Data loaded to Snowflake successfully.

2026-07-23 11:02:54,462 INFO Data loaded to Snowflake successfully.

2026-07-23 11:02:54,536 INFO Data loaded to Snowflake successfully.

2026-07-23 11:03:26,043 INFO Data loaded to Snowflake successfully.

2026-07-23 11:03:26,100 INFO Data loaded to Snowflake successfully.

2026-07-23 11:03:57,608 INFO Data loaded to Snowflake successfully.

2026-07-23 11:03:57,670 INFO Data loaded to Snowflake successfully.

2026-07-23 11:04:29,176 INFO Data loaded to Snowflake successfully.

2026-07-23 11:04:29,263 INFO Data loaded to Snowflake successfully.

2026-07-23 11:05:00,831 INFO Data loaded to Snowflake successfully.

2026-07-23 11:05:00,892 INFO Data loaded to Snowflake successfully.

2026-07-23 11:05:32,453 INFO Data loaded to Snowflake successfully.

2026-07-23 11:05:32,503 INFO Data loaded to Snowflake successfully.

2026-07-23 11:06:04,059 INFO Data loaded to Snowflake successfully.

2026-07-23 11:06:04,114 INFO Data loaded to Snowflake successfully.

2026-07-23 11:06:35,699 INFO Data loaded to Snowflake successfully.

2026-07-23 11:06:35,756 INFO Data loaded to Snowflake successfully.

2026-07-23 11:07:28,660 INFO Data loaded to Snowflake successfully.

2026-07-23 11:07:28,721 INFO Data loaded to Snowflake successfully.

2026-07-23 11:08:00,284 INFO Data loaded to Snowflake successfully.

2026-07-23 11:08:00,380 INFO Data loaded to Snowflake successfully.

2026-07-23 11:09:36,808 INFO Data loaded to Snowflake successfully.

2026-07-23 11:09:36,849 INFO Data loaded to Snowflake successfully.

2026-07-31 05:56:00,154 INFO Data loaded to Snowflake successfully.

2026-07-31 05:56:00,820 INFO Data loaded to Snowflake successfully.

2026-07-31 05:56:31,191 INFO Data loaded to Snowflake successfully.

2026-07-31 05:56:32,013 INFO Data loaded to Snowflake successfully.

2026-07-31 05:57:02,704 INFO Data loaded to Snowflake successfully.

2026-07-31 05:57:03,941 INFO Data loaded to Snowflake successfully.

2026-07-31 05:57:34,033 INFO Data loaded to Snowflake successfully.

2026-07-31 05:57:34,986 INFO Data loaded to Snowflake successfully.

2026-07-31 05:58:05,004 INFO Data loaded to Snowflake successfully.

2026-07-31 05:58:06,007 INFO Data loaded to Snowflake successfully.

2026-07-31 05:58:36,384 INFO Data loaded to Snowflake successfully.

2026-07-31 05:58:37,230 INFO Data loaded to Snowflake successfully.

2026-07-31 05:58:49,838 INFO Data loaded to Snowflake successfully.

2026-07-31 05:58:51,182 INFO ['LOCATION', 'LATITUDE', 'LONGITUDE', 'ELEVATION', 'HOUR_DATE', 'HOUR_TIME', 'HOUR_TEMP', 'HOUR_PRECIPITATION', 'FETCHED_AT']
2026-07-31 05:58:51,183 INFO LOCATION                      object
LATITUDE                     float64
LONGITUDE                    float64
ELEVATION                    float64
HOUR_DATE                     object
HOUR_TIME                     object
HOUR_TEMP                    float64
HOUR_PRECIPITATION           float64
FETCHED_AT            datetime64[us]
dtype: object
2026-07-31 05:58:58,015 INFO [weather] Loaded 672 rows in 1 chunk(s).
2026-07-31 05:58:59,745 INFO Data loaded to Snowflake successfully.

2026-07-31 05:59:07,358 INFO Data loaded to Snowflake successfully.

2026-07-31 05:59:08,307 INFO Data loaded to Snowflake successfully.

2026-07-31 05:59:38,613 INFO Data loaded to Snowflake successfully.

2026-07-31 05:59:39,448 INFO Data loaded to Snowflake successfully.

2026-07-31 06:00:09,707 INFO Data loaded to Snowflake successfully.

2026-07-31 06:00:10,553 INFO Data loaded to Snowflake successfully.

2026-07-31 06:00:41,326 INFO Data loaded to Snowflake successfully.

2026-07-31 06:00:42,024 INFO Data loaded to Snowflake successfully.

2026-07-31 06:01:12,707 INFO Data loaded to Snowflake successfully.

2026-07-31 06:01:13,452 INFO Data loaded to Snowflake successfully.

2026-07-31 06:01:43,692 INFO Data loaded to Snowflake successfully.

2026-07-31 06:01:44,452 INFO Data loaded to Snowflake successfully.

2026-07-31 06:05:35,139 INFO [weather] Loaded 672 rows in 1 chunk(s).
2026-07-31 06:11:14,285 ERROR [weather] Load failed: 000904 (42000): 01c61213-3203-0da5-0017-9afa0016256e: SQL compilation error: error line 1 at position 86
invalid identifier 'LOCATION'
2026-07-31 06:12:32,142 ERROR [weather] Load failed: 100046 (22003): 01c61214-3203-0e5d-0017-9afa0016953e: Number out of representable range: type FIXED, value 27.52
2026-07-31 06:14:20,100 ERROR [weather] Load failed: 000904 (42000): 01c61216-3203-0e5d-0017-9afa00169562: SQL compilation error: error line 1 at position 86
invalid identifier 'LOCATION'
2026-07-31 06:14:45,036 ERROR [weather] Load failed: 100071 (22000): 01c61216-3203-0e5d-0017-9afa0016956a: Failed to cast variant value 0 to TIME
2026-07-31 06:17:33,137 INFO [weather] Loaded 672 rows in 1 chunk(s).
2026-07-31 06:37:38,321 INFO [weather] Loaded 672 rows in 1 chunk(s).
2026-07-31 06:38:34,260 ERROR [monthly_flight] Load failed: 002023 (22000): 01c6122e-3203-0da5-0017-9afa00162c62: SQL compilation error:
Expression type does not match column data type, expecting NUMBER(38,0) but got TIMESTAMP_NTZ(9) for column FETCHED_AT
2026-07-31 06:42:32,322 INFO 

2026-07-31 06:42:32,392 INFO 

2026-07-31 06:42:47,499 INFO 

2026-07-31 06:42:47,516 INFO 

2026-07-31 06:42:47,555 INFO 

2026-07-31 06:42:47,574 INFO 

2026-07-31 06:42:52,262 INFO [flight] Loaded 2 rows in 1 chunk(s).
2026-07-31 06:42:52,440 INFO [weather] Loaded 672 rows in 1 chunk(s).
2026-07-31 06:42:52,907 INFO [monthly_weather] Loaded 12 rows in 1 chunk(s).
2026-07-31 06:42:55,710 INFO [monthly_hotel] Loaded 10 rows in 1 chunk(s).
2026-07-31 06:42:55,965 INFO [monthly_flight] Loaded 10 rows in 1 chunk(s).
2026-07-31 06:42:58,151 INFO 

2026-07-31 06:43:04,062 INFO 

2026-07-31 06:43:04,099 INFO 

2026-07-31 06:43:35,918 INFO 

2026-07-31 06:43:35,986 INFO 

2026-07-31 06:44:07,786 INFO 

2026-07-31 06:44:07,820 INFO 

2026-07-31 06:44:39,527 INFO 

2026-07-31 06:44:39,594 INFO 

2026-07-31 06:45:11,058 INFO 

2026-07-31 06:45:11,117 INFO 

2026-07-31 06:45:24,100 INFO 

2026-07-31 06:46:00,828 INFO 

2026-07-31 06:46:00,887 INFO 

2026-07-31 06:46:15,089 INFO 

2026-07-31 06:46:15,902 INFO 

2026-07-31 06:46:31,929 INFO 

2026-07-31 06:46:46,926 INFO 

2026-07-31 06:47:02,941 INFO 

2026-07-31 06:47:11,844 INFO 

2026-07-31 06:47:33,912 INFO 

2026-07-31 06:47:42,818 INFO 

2026-07-31 06:48:05,009 INFO 

2026-07-31 06:48:14,778 INFO 

2026-07-31 06:48:36,551 INFO 

2026-07-31 06:48:46,088 INFO 

2026-07-31 06:49:07,721 INFO 

2026-07-31 06:49:17,071 INFO 

2026-07-31 06:49:39,264 INFO 

2026-07-31 06:49:48,135 INFO 

2026-07-31 06:50:10,264 INFO 

2026-07-31 06:50:19,171 INFO 

2026-07-31 06:51:00,531 INFO 

2026-07-31 06:51:00,604 INFO 

2026-07-31 06:51:31,960 INFO 

2026-07-31 06:51:32,041 INFO 

2026-07-31 06:52:03,442 INFO 

2026-07-31 06:52:03,458 INFO 

2026-07-31 06:52:34,966 INFO 

2026-07-31 06:52:35,009 INFO 

2026-07-31 06:53:04,533 INFO 

2026-07-31 06:53:06,795 INFO 

2026-07-31 06:53:06,848 INFO 

2026-07-31 06:53:12,794 INFO 

2026-07-31 06:53:12,845 INFO 

2026-07-31 06:53:12,874 INFO 

2026-07-31 06:53:13,024 INFO 

2026-07-31 06:53:13,059 INFO 

2026-07-31 06:53:13,438 INFO 

2026-07-31 06:53:13,567 INFO 

2026-07-31 06:53:13,617 INFO 

2026-07-31 06:53:13,645 INFO 

2026-07-31 06:53:13,721 INFO 

2026-07-31 06:53:13,816 INFO 

2026-07-31 06:53:13,845 INFO 

2026-07-31 06:53:13,875 INFO 

2026-07-31 06:53:17,362 INFO 

2026-07-31 06:53:20,432 INFO [weather] Loaded 672 rows in 1 chunk(s).
2026-07-31 06:53:20,475 INFO [hotel] Loaded 20 rows in 1 chunk(s).
2026-07-31 06:53:20,483 INFO [flight] Loaded 2 rows in 1 chunk(s).
2026-07-31 06:53:20,803 INFO [hotel] Loaded 10 rows in 1 chunk(s).
2026-07-31 06:53:21,468 INFO [monthly_weather] Loaded 12 rows in 1 chunk(s).
2026-07-31 06:53:22,450 INFO [hotel] Loaded 10 rows in 1 chunk(s).
2026-07-31 06:53:23,033 INFO [monthly_weather] Loaded 12 rows in 1 chunk(s).
2026-07-31 06:53:23,051 INFO 

2026-07-31 06:53:23,310 INFO [monthly_weather] Loaded 12 rows in 1 chunk(s).
2026-07-31 06:53:23,662 INFO [monthly_hotel] Loaded 10 rows in 1 chunk(s).
2026-07-31 06:53:23,946 INFO [flight] Loaded 8 rows in 1 chunk(s).
2026-07-31 06:53:24,992 INFO [flight] Loaded 4 rows in 1 chunk(s).
2026-07-31 06:53:26,219 INFO [monthly_flight] Loaded 10 rows in 1 chunk(s).
2026-07-31 06:53:27,485 INFO 

2026-07-31 06:53:27,715 INFO [weather] Loaded 672 rows in 1 chunk(s).
2026-07-31 06:53:31,327 INFO [weather] Loaded 672 rows in 1 chunk(s).
2026-07-31 06:53:38,937 INFO [monthly_hotel] Loaded 10 rows in 1 chunk(s).
2026-07-31 06:53:39,190 INFO 

2026-07-31 06:53:39,210 INFO 

2026-07-31 06:53:46,733 INFO [monthly_hotel] Loaded 10 rows in 1 chunk(s).
2026-07-31 06:53:54,613 INFO [monthly_flight] Loaded 10 rows in 1 chunk(s).
2026-07-31 06:54:10,786 INFO 

2026-07-31 06:54:10,869 INFO 

2026-07-31 06:54:14,761 INFO [monthly_flight] Loaded 10 rows in 1 chunk(s).
2026-07-31 06:54:16,668 INFO 

2026-07-31 06:54:42,428 INFO 

2026-07-31 06:54:42,481 INFO 

2026-07-31 06:55:14,203 INFO 

2026-07-31 06:55:14,281 INFO 

2026-07-31 06:56:04,928 INFO 

2026-07-31 06:56:04,973 INFO 

2026-07-31 06:56:37,855 INFO 

2026-07-31 06:56:37,934 INFO 

2026-07-31 06:56:40,520 INFO 

2026-07-31 06:57:08,862 INFO 

2026-07-31 06:57:08,893 INFO 

2026-07-31 06:57:09,769 INFO 

2026-07-31 06:57:39,937 INFO 

2026-07-31 06:57:40,716 INFO 

2026-07-31 10:35:02,995 INFO 

2026-07-31 10:35:03,088 INFO 

2026-07-31 11:06:29,721 INFO 

2026-07-31 11:06:29,790 INFO 

2026-07-31 15:41:13,665 INFO 

2026-07-31 15:41:13,724 INFO 

2026-07-31 15:41:44,891 INFO 

2026-07-31 15:41:44,970 INFO 

2026-07-31 15:42:16,082 INFO 

2026-07-31 15:42:16,289 INFO 

2026-07-31 15:42:47,343 INFO 

2026-07-31 15:42:47,501 INFO 

2026-07-31 15:43:18,508 INFO 

2026-07-31 15:43:18,716 INFO 

2026-07-31 15:43:49,760 INFO 

2026-07-31 15:43:49,902 INFO 

2026-07-31 15:44:20,962 INFO 

2026-07-31 15:44:21,111 INFO 

2026-07-31 15:44:52,466 INFO 

2026-07-31 15:44:52,598 INFO 

2026-07-31 15:45:50,655 INFO 

2026-07-31 15:45:50,755 INFO 

2026-07-31 15:46:21,997 INFO 

2026-07-31 15:46:22,100 INFO 

2026-07-31 15:46:53,364 INFO 

2026-07-31 15:46:53,404 INFO 

2026-07-31 15:47:24,598 INFO 

2026-07-31 15:47:24,644 INFO 

2026-07-31 15:47:56,054 INFO 

2026-07-31 15:47:57,047 INFO 

2026-07-31 15:48:27,601 INFO 

2026-07-31 15:48:28,717 INFO 

2026-07-31 15:48:59,128 INFO 

2026-07-31 15:49:00,156 INFO 

2026-07-31 15:49:30,785 INFO 

2026-07-31 15:49:31,751 INFO 

2026-07-31 15:50:02,426 INFO 

2026-07-31 15:50:03,531 INFO 

2026-07-31 15:50:47,025 INFO 

2026-07-31 15:50:47,088 INFO 

2026-07-31 15:51:18,223 INFO 

2026-07-31 15:51:18,345 INFO 

2026-07-31 15:51:49,381 INFO 

2026-07-31 15:51:49,490 INFO 

2026-07-31 15:52:20,366 INFO 

2026-07-31 15:52:21,357 INFO 

2026-07-31 15:52:51,873 INFO 

2026-07-31 15:52:52,836 INFO 

2026-07-31 15:53:23,540 INFO 

2026-07-31 15:53:24,540 INFO 

2026-07-31 16:10:45,240 INFO 

2026-07-31 16:10:45,332 INFO 

2026-08-04 17:47:42,133 INFO 

2026-08-04 17:47:42,147 INFO 

2026-08-04 17:48:13,475 INFO 

2026-08-04 17:48:13,627 INFO 

2026-08-04 17:48:45,090 INFO 

2026-08-04 17:48:45,255 INFO 

2026-08-04 17:49:20,569 INFO 

2026-08-04 17:49:25,495 INFO 

2026-08-04 17:49:53,539 INFO 

2026-08-04 17:50:02,393 INFO 

2026-08-04 17:50:28,238 INFO 

2026-08-04 17:50:34,213 INFO 

2026-08-04 17:50:59,687 INFO 

2026-08-04 17:51:05,466 INFO 

2026-08-04 17:51:30,897 INFO 

2026-08-04 17:51:36,598 INFO 

2026-08-04 17:52:20,285 INFO 

2026-08-04 17:52:20,357 INFO 

2026-08-04 17:52:51,484 INFO 

2026-08-04 17:52:51,644 INFO 

2026-08-04 17:53:22,736 INFO 

2026-08-04 17:53:22,845 INFO 

2026-08-04 17:53:54,435 INFO 

2026-08-04 17:53:54,490 INFO 

2026-08-04 17:54:25,549 INFO 

2026-08-04 17:54:26,248 INFO 

2026-08-04 17:54:56,629 INFO 

2026-08-04 17:54:57,394 INFO 

2026-08-04 17:55:27,957 INFO 

2026-08-04 17:55:28,749 INFO 

2026-08-04 17:55:58,711 INFO 

2026-08-04 17:55:59,540 INFO 

2026-08-04 17:56:29,494 INFO 

2026-08-04 17:56:30,358 INFO 

2026-08-04 17:57:24,077 INFO 

2026-08-04 17:57:24,103 INFO 

2026-08-04 17:57:37,138 INFO 

2026-08-04 17:57:55,179 INFO 

2026-08-04 17:57:55,224 INFO 

2026-08-04 17:58:08,823 INFO 

2026-08-04 17:58:26,830 INFO 

2026-08-04 17:58:26,915 INFO 

2026-08-04 17:58:40,441 INFO 

2026-08-04 17:58:58,421 INFO 

2026-08-04 17:58:58,473 INFO 

2026-08-04 17:59:12,246 INFO 

2026-08-04 17:59:29,142 INFO 

2026-08-04 17:59:30,046 INFO 

2026-08-04 17:59:43,178 INFO 

2026-08-04 18:00:00,090 INFO 

2026-08-04 18:00:00,709 INFO 

2026-08-04 18:00:14,018 INFO 

2026-08-04 18:00:30,965 INFO 

2026-08-04 18:00:31,735 INFO 

2026-08-04 18:00:44,749 INFO 

2026-08-04 18:01:01,717 INFO 

2026-08-04 18:01:02,473 INFO 

2026-08-04 18:01:15,842 INFO 

2026-08-04 18:01:33,015 INFO 

2026-08-04 18:01:33,523 INFO 

2026-08-04 18:01:33,981 INFO 

2026-08-04 18:02:18,082 INFO 

2026-08-04 18:02:18,142 INFO 

2026-08-04 18:02:19,079 INFO 

2026-08-04 18:02:49,717 INFO 

2026-08-04 18:02:49,765 INFO 

2026-08-04 18:02:50,634 INFO 

2026-08-04 18:03:21,233 INFO 

2026-08-04 18:03:21,296 INFO 

2026-08-04 18:03:22,201 INFO 

2026-08-04 18:03:52,718 INFO 

2026-08-04 18:03:53,092 INFO 

2026-08-04 18:03:54,432 INFO 

2026-08-04 18:04:24,217 INFO 

2026-08-04 18:04:24,245 INFO 

2026-08-04 18:04:25,658 INFO 

2026-08-04 18:04:29,660 INFO 

2026-08-04 18:04:29,660 INFO 

2026-08-04 18:04:38,854 INFO 

2026-08-04 18:04:39,726 INFO 

2026-08-04 18:04:56,015 INFO 

2026-08-04 18:04:56,900 INFO 

2026-08-04 18:05:11,029 INFO 

2026-08-04 18:05:27,602 INFO 

2026-08-04 18:05:28,597 INFO 

2026-08-04 18:05:42,718 INFO 

2026-08-04 18:05:59,098 INFO 

2026-08-04 18:06:00,156 INFO 

2026-08-04 18:06:14,223 INFO 

2026-08-04 18:06:25,558 INFO 

2026-08-04 18:06:30,644 INFO 

2026-08-04 18:06:30,938 INFO [hist_flight] Loaded 2 rows in 1 chunk(s).
2026-08-04 18:06:30,997 INFO [hist_flight] Loaded 3 rows in 1 chunk(s).
2026-08-04 18:06:31,665 INFO 

2026-08-04 18:06:32,677 INFO 

2026-08-04 18:06:45,729 INFO 

2026-08-04 18:07:31,776 INFO 

2026-08-04 18:07:31,838 INFO 

2026-08-04 18:07:32,955 INFO 

2026-08-04 18:08:02,961 INFO 

2026-08-04 18:08:03,033 INFO 

2026-08-04 18:08:04,155 INFO 

2026-08-04 18:08:34,996 INFO 

2026-08-04 18:08:35,061 INFO 

2026-08-04 18:08:36,183 INFO 

2026-08-04 18:09:05,898 INFO 

2026-08-04 18:09:06,803 INFO 

2026-08-04 18:09:07,697 INFO 

2026-08-04 18:09:37,032 INFO 

2026-08-04 18:09:37,867 INFO 

2026-08-04 18:09:38,863 INFO 

2026-08-04 18:10:08,258 INFO 

2026-08-04 18:10:09,143 INFO 

2026-08-04 18:10:10,000 INFO 

2026-08-04 18:10:39,389 INFO 

2026-08-04 18:10:40,200 INFO 

2026-08-04 18:10:41,212 INFO 

2026-08-04 18:11:10,657 INFO 

2026-08-04 18:11:11,578 INFO 

2026-08-04 18:11:12,635 INFO 

2026-08-04 18:11:42,043 INFO 

2026-08-04 18:11:42,924 INFO 

2026-08-04 18:11:43,857 INFO 

2026-08-04 18:12:29,182 INFO 

2026-08-04 18:12:29,227 INFO 

2026-08-04 18:12:30,233 INFO 

2026-08-04 18:13:00,971 INFO 

2026-08-04 18:13:01,041 INFO 

2026-08-04 18:13:01,999 INFO 

2026-08-04 18:13:32,972 INFO 

2026-08-04 18:13:33,013 INFO 

2026-08-04 18:13:34,273 INFO 

2026-08-04 18:14:03,974 INFO 

2026-08-04 18:14:04,051 INFO 

2026-08-04 18:14:05,585 INFO 

2026-08-04 18:14:34,841 INFO 

2026-08-04 18:14:35,693 INFO 

2026-08-04 18:14:36,769 INFO 

2026-08-04 18:15:05,986 INFO 

2026-08-04 18:15:06,877 INFO 

2026-08-04 18:15:07,873 INFO 

2026-08-04 18:15:37,226 INFO 

2026-08-04 18:15:38,081 INFO 

2026-08-04 18:15:39,037 INFO 

2026-08-04 18:16:08,387 INFO 

2026-08-04 18:16:09,287 INFO 

2026-08-04 18:16:10,241 INFO 

2026-08-04 18:16:39,531 INFO 

2026-08-04 18:16:40,407 INFO 

2026-08-04 18:16:41,354 INFO 

2026-08-04 18:17:26,717 INFO 

2026-08-04 18:17:26,770 INFO 

2026-08-04 18:17:27,890 INFO 

2026-08-04 18:17:58,735 INFO 

2026-08-04 18:17:58,799 INFO 

2026-08-04 18:17:59,900 INFO 

2026-08-04 18:18:29,618 INFO 

2026-08-04 18:18:30,614 INFO 

2026-08-04 18:18:31,580 INFO 

2026-08-04 18:19:01,185 INFO 

2026-08-04 18:19:02,331 INFO 

2026-08-04 18:19:03,403 INFO 

2026-08-04 18:19:32,871 INFO 

2026-08-04 18:19:34,058 INFO 

2026-08-04 18:19:35,199 INFO 

2026-08-04 18:20:04,629 INFO 

2026-08-04 18:20:05,627 INFO 

2026-08-04 18:20:06,932 INFO 

2026-08-04 18:20:36,216 INFO 

2026-08-04 18:20:37,103 INFO 

2026-08-04 18:20:38,121 INFO 

2026-08-04 18:21:07,442 INFO 

2026-08-04 18:21:08,553 INFO 

2026-08-04 18:21:09,535 INFO 

2026-08-04 18:21:39,007 INFO 

2026-08-04 18:21:39,974 INFO 

2026-08-04 18:21:41,160 INFO 

2026-08-04 18:22:26,886 INFO 

2026-08-04 18:22:26,933 INFO 

2026-08-04 18:22:27,862 INFO 

2026-08-04 18:22:58,554 INFO 

2026-08-04 18:22:58,597 INFO 

2026-08-04 18:22:59,641 INFO 

2026-08-04 18:23:30,164 INFO 

2026-08-04 18:23:30,242 INFO 

2026-08-04 18:23:31,222 INFO 

2026-08-04 18:24:01,948 INFO 

2026-08-04 18:24:01,987 INFO 

2026-08-04 18:24:03,063 INFO 

2026-08-04 18:24:33,743 INFO 

2026-08-04 18:24:33,775 INFO 

2026-08-04 18:24:34,848 INFO 

2026-08-04 18:25:05,530 INFO 

2026-08-04 18:25:05,561 INFO 

2026-08-04 18:25:06,714 INFO 

2026-08-04 18:25:37,249 INFO 

2026-08-04 18:25:37,318 INFO 

2026-08-04 18:25:38,431 INFO 

2026-08-04 18:26:09,123 INFO 

2026-08-04 18:26:09,203 INFO 

2026-08-04 18:26:10,382 INFO 

2026-08-04 18:26:40,900 INFO 

2026-08-04 18:26:40,956 INFO 

2026-08-04 18:26:41,950 INFO 

2026-08-04 18:27:29,520 INFO 

2026-08-04 18:27:29,562 INFO 

2026-08-04 18:27:30,579 INFO 

2026-08-04 18:28:01,161 INFO 

2026-08-04 18:28:01,220 INFO 

2026-08-04 18:28:02,196 INFO 

2026-08-04 18:28:32,687 INFO 

2026-08-04 18:28:32,745 INFO 

2026-08-04 18:28:33,717 INFO 

2026-08-04 18:29:04,220 INFO 

2026-08-04 18:29:04,262 INFO 

2026-08-04 18:29:05,260 INFO 

2026-08-04 18:29:35,672 INFO 

2026-08-04 18:29:35,732 INFO 

2026-08-04 18:29:36,714 INFO 

2026-08-04 18:30:07,325 INFO 

2026-08-04 18:30:07,384 INFO 

2026-08-04 18:30:08,378 INFO 

2026-08-04 18:30:38,863 INFO 

2026-08-04 18:30:38,923 INFO 

2026-08-04 18:30:39,909 INFO 

2026-08-04 18:31:10,335 INFO 

2026-08-04 18:31:10,389 INFO 

2026-08-04 18:31:11,265 INFO 

2026-08-04 18:31:41,750 INFO 

2026-08-04 18:31:41,794 INFO 

2026-08-04 18:31:42,708 INFO 

2026-08-04 18:32:31,731 INFO 

2026-08-04 18:32:31,863 INFO 

2026-08-04 18:32:32,757 INFO 

2026-08-04 18:33:03,435 INFO 

2026-08-04 18:33:03,508 INFO 

2026-08-04 18:33:04,452 INFO 

2026-08-04 18:33:34,954 INFO 

2026-08-04 18:33:34,996 INFO 

2026-08-04 18:33:36,077 INFO 

2026-08-04 18:34:06,712 INFO 

2026-08-04 18:34:06,776 INFO 

2026-08-04 18:34:07,833 INFO 

2026-08-04 18:34:38,421 INFO 

2026-08-04 18:34:38,475 INFO 

2026-08-04 18:34:39,547 INFO 

2026-08-04 18:35:10,006 INFO 

2026-08-04 18:35:10,062 INFO 

2026-08-04 18:35:11,081 INFO 

2026-08-04 18:35:41,606 INFO 

2026-08-04 18:35:41,634 INFO 

2026-08-04 18:35:42,577 INFO 

2026-08-04 18:36:13,072 INFO 

2026-08-04 18:36:13,152 INFO 

2026-08-04 18:36:14,092 INFO 

2026-08-04 18:36:44,561 INFO 

2026-08-04 18:36:44,605 INFO 

2026-08-04 18:36:45,572 INFO 

2026-08-04 18:37:33,915 INFO 

2026-08-04 18:37:33,984 INFO 

2026-08-04 18:37:35,101 INFO 

2026-08-04 18:38:05,230 INFO 

2026-08-04 18:38:05,278 INFO 

2026-08-04 18:38:06,275 INFO 

2026-08-04 18:38:14,128 INFO 

2026-08-04 18:38:14,128 INFO 

2026-08-04 18:38:17,006 ERROR [hist_flight] Load failed: 000904 (42000): 01c62b7e-3203-1815-0017-9afa001c63ca: SQL compilation error: error line 1 at position 86
invalid identifier 'AIRLINE'
2026-08-04 18:38:25,719 INFO 

2026-08-04 18:38:26,528 INFO 

2026-08-04 18:38:36,491 INFO 

2026-08-04 18:38:37,361 INFO 

2026-08-04 18:38:57,658 INFO 

2026-08-04 18:39:07,692 INFO 

2026-08-04 18:39:08,528 INFO 

2026-08-04 18:39:28,885 INFO 

2026-08-04 18:39:38,876 INFO 

2026-08-04 18:39:39,768 INFO 

2026-08-04 18:40:00,105 INFO 

2026-08-04 18:40:10,227 INFO 

2026-08-04 18:40:11,070 INFO 

2026-08-04 18:40:18,962 INFO 

2026-08-04 18:40:20,968 ERROR [hist_flight] Load failed: 001757 (42601): 01c62b80-3203-1815-0017-9afa001c63fa: SQL compilation error:
Table 'RAW.HIST_FLIGHT' does not exist
2026-08-04 18:40:29,369 INFO 

2026-08-04 18:40:30,210 INFO 

2026-08-04 18:40:41,596 INFO 

2026-08-04 18:40:42,654 INFO 

2026-08-04 18:40:50,022 INFO 

2026-08-04 18:40:53,661 INFO [hist_flight] Loaded 3 rows in 1 chunk(s).
2026-08-04 18:40:55,454 INFO 

2026-08-04 18:41:01,217 INFO 

2026-08-04 18:41:07,063 INFO 

2026-08-04 18:41:07,939 INFO 

2026-08-04 18:41:12,897 INFO 

2026-08-04 18:41:13,816 INFO 

2026-08-04 18:41:39,337 INFO 

2026-08-04 18:41:44,138 INFO 

2026-08-04 18:41:44,949 INFO 

2026-08-04 18:42:10,478 INFO 

2026-08-04 18:42:15,320 INFO 

2026-08-04 18:42:36,167 INFO 

2026-08-04 18:42:41,343 INFO 

2026-08-04 18:43:06,496 INFO 

2026-08-04 18:43:07,320 INFO 

2026-08-04 18:43:12,469 INFO 

2026-08-04 18:43:37,578 INFO 

2026-08-04 18:43:38,328 INFO 

2026-08-04 18:43:43,559 INFO 

2026-08-04 18:44:08,772 INFO 

2026-08-04 18:44:09,611 INFO 

2026-08-04 18:44:14,690 INFO 

2026-08-04 18:44:39,822 INFO 

2026-08-04 18:44:40,621 INFO 

2026-08-04 18:44:45,845 INFO 

2026-08-04 18:45:10,982 INFO 

2026-08-04 18:45:11,751 INFO 

2026-08-04 18:45:16,888 INFO 

2026-08-04 18:45:42,219 INFO 

2026-08-04 18:45:43,279 INFO 

2026-08-04 18:45:48,419 INFO 

2026-08-04 18:46:13,577 INFO 

2026-08-04 18:46:14,432 INFO 

2026-08-04 18:46:19,493 INFO 

2026-08-04 18:46:30,443 INFO 

2026-08-04 18:46:33,389 INFO [hist_flight] Loaded 2 rows in 1 chunk(s).
2026-08-04 18:46:33,593 INFO [hist_flight] Loaded 3 rows in 1 chunk(s).
2026-08-04 18:46:34,826 INFO 

2026-08-04 18:46:44,800 INFO 

2026-08-04 18:46:45,727 INFO 

2026-08-04 18:46:50,828 INFO 

2026-08-04 18:47:16,012 INFO 

2026-08-04 18:47:16,831 INFO 

2026-08-04 18:47:38,993 INFO 

2026-08-04 18:47:46,956 INFO 

2026-08-04 18:48:09,189 INFO 

2026-08-04 18:48:10,195 INFO 

2026-08-04 18:48:18,202 INFO 

2026-08-04 18:48:40,517 INFO 

2026-08-04 18:48:41,555 INFO 

2026-08-04 18:48:49,572 INFO 

2026-08-04 18:49:11,788 INFO 

2026-08-04 18:49:12,874 INFO 

2026-08-04 18:49:20,800 INFO 

2026-08-04 18:49:42,945 INFO 

2026-08-04 18:49:43,954 INFO 

2026-08-04 18:49:52,009 INFO 

2026-08-04 18:50:14,153 INFO 

2026-08-04 18:50:15,074 INFO 

2026-08-04 18:50:23,039 INFO 

2026-08-04 18:50:45,277 INFO 

2026-08-04 18:50:46,276 INFO 

2026-08-04 18:50:54,349 INFO 

2026-08-04 18:51:16,515 INFO 

2026-08-04 18:51:17,371 INFO 

2026-08-04 18:51:25,296 INFO 

2026-08-04 18:51:47,504 INFO 

2026-08-04 18:51:48,559 INFO 

2026-08-04 18:51:56,453 INFO 

2026-08-04 18:52:18,640 INFO 

2026-08-04 18:52:19,584 INFO 

2026-08-04 18:52:43,350 INFO 

2026-08-04 18:52:50,266 INFO 

2026-08-04 18:52:51,237 INFO 

2026-08-04 18:53:14,461 INFO 

2026-08-04 18:53:21,545 INFO 

2026-08-04 18:53:22,518 INFO 

2026-08-04 18:53:45,621 INFO 

2026-08-04 18:53:52,699 INFO 

2026-08-04 18:53:53,679 INFO 

2026-08-04 18:54:16,784 INFO 

2026-08-04 18:54:23,895 INFO 

2026-08-04 18:54:24,898 INFO 

2026-08-04 18:54:48,082 INFO 

2026-08-04 18:54:55,094 INFO 

2026-08-04 18:54:56,080 INFO 

2026-08-04 18:55:19,294 INFO 

2026-08-04 18:55:26,344 INFO 

2026-08-04 18:55:27,265 INFO 

2026-08-04 18:55:50,553 INFO 

2026-08-04 18:55:57,446 INFO 

2026-08-04 18:55:58,389 INFO 

2026-08-04 18:56:21,579 INFO 

2026-08-04 18:56:28,530 INFO 

2026-08-04 18:56:29,536 INFO 

2026-08-04 18:56:52,965 INFO 

2026-08-04 18:56:59,899 INFO 

2026-08-04 18:57:00,883 INFO 

2026-08-04 18:57:24,136 INFO 

2026-08-04 18:57:50,482 INFO 

2026-08-04 18:57:50,513 INFO 

2026-08-04 18:57:55,406 INFO 

2026-08-04 18:58:21,313 INFO 

2026-08-04 18:58:22,289 INFO 

2026-08-04 18:58:26,466 INFO 

2026-08-04 18:58:52,675 INFO 

2026-08-04 18:58:53,536 INFO 

2026-08-04 18:58:57,655 INFO 

2026-08-04 18:59:27,362 INFO 

2026-08-04 18:59:27,395 INFO 

2026-08-04 18:59:28,795 INFO 

2026-08-04 18:59:58,358 INFO 

2026-08-04 18:59:58,373 INFO 

2026-08-04 18:59:59,907 INFO 

2026-08-05 05:32:51,906 INFO 

2026-08-05 05:33:18,120 INFO 

2026-08-05 05:33:48,008 INFO 

2026-08-05 05:33:48,048 INFO 

2026-08-05 05:33:49,296 INFO 

2026-08-05 05:34:19,307 INFO 

2026-08-05 05:34:19,397 INFO 

2026-08-05 05:34:20,600 INFO 

2026-08-05 05:34:50,560 INFO 

2026-08-05 05:34:50,606 INFO 

2026-08-05 05:34:51,809 INFO 

2026-08-05 05:35:21,789 INFO 

2026-08-05 05:35:21,971 INFO 

2026-08-05 05:35:23,085 INFO 

2026-08-05 05:35:53,081 INFO 

2026-08-05 05:35:53,499 INFO 

2026-08-05 05:35:54,550 INFO 

2026-08-05 05:36:24,313 INFO 

2026-08-05 05:36:25,343 INFO 

2026-08-05 05:36:26,567 INFO 

2026-08-05 05:36:56,455 INFO 

2026-08-05 05:36:57,369 INFO 

2026-08-05 05:36:57,959 INFO 

2026-08-05 05:37:27,960 INFO 

2026-08-05 05:37:29,058 INFO 

2026-08-05 05:37:29,501 INFO 

2026-08-05 05:38:20,997 INFO 

2026-08-05 05:38:21,049 INFO 

2026-08-05 05:38:22,044 INFO 

2026-08-05 05:38:52,100 INFO 

2026-08-05 05:38:52,332 INFO 

2026-08-05 05:38:53,292 INFO 

2026-08-05 05:39:23,294 INFO 

2026-08-05 05:39:24,293 INFO 

2026-08-05 05:39:24,773 INFO 

2026-08-05 05:39:54,886 INFO 

2026-08-05 05:39:55,962 INFO 

2026-08-05 05:39:56,102 INFO 

2026-08-05 05:40:26,703 INFO 

2026-08-05 05:40:27,735 INFO 

2026-08-05 05:40:27,950 INFO 

2026-08-05 05:40:58,580 INFO 

2026-08-05 05:40:59,628 INFO 

2026-08-05 05:40:59,759 INFO 

2026-08-05 05:41:30,406 INFO 

2026-08-05 05:41:31,448 INFO 

2026-08-05 05:41:31,625 INFO 

2026-08-05 05:42:02,293 INFO 

2026-08-05 05:42:03,385 INFO 

2026-08-05 05:42:03,506 INFO 

2026-08-05 05:42:34,096 INFO 

2026-08-05 05:42:35,108 INFO 

2026-08-05 05:42:35,322 INFO 

2026-08-05 05:43:26,012 INFO 

2026-08-05 05:43:26,070 INFO 

2026-08-05 05:43:27,166 INFO 

2026-08-05 05:43:57,296 INFO 

2026-08-05 05:43:57,356 INFO 

2026-08-05 05:43:58,408 INFO 

2026-08-05 05:44:28,532 INFO 

2026-08-05 05:44:28,609 INFO 

2026-08-05 05:44:29,679 INFO 

2026-08-05 05:44:59,789 INFO 

2026-08-05 05:44:59,815 INFO 

2026-08-05 05:45:00,900 INFO 

2026-08-05 05:45:30,962 INFO 

2026-08-05 05:45:31,037 INFO 

2026-08-05 05:45:32,078 INFO 

2026-08-05 05:46:02,267 INFO 

2026-08-05 05:46:02,315 INFO 

2026-08-05 05:46:03,351 INFO 

2026-08-05 05:46:33,403 INFO 

2026-08-05 05:46:33,572 INFO 

2026-08-05 05:46:34,632 INFO 

2026-08-05 05:47:04,748 INFO 

2026-08-05 05:47:04,984 INFO 

2026-08-05 05:47:06,110 INFO 

2026-08-05 05:47:35,920 INFO 

2026-08-05 05:47:36,920 INFO 

2026-08-05 05:47:37,980 INFO 

2026-08-05 05:48:28,621 INFO 

2026-08-05 05:48:28,712 INFO 

2026-08-05 05:48:29,772 INFO 

2026-08-05 05:48:59,917 INFO 

2026-08-05 05:48:59,959 INFO 

2026-08-05 05:49:01,007 INFO 

2026-08-05 05:49:31,086 INFO 

2026-08-05 05:49:31,246 INFO 

2026-08-05 05:49:32,432 INFO 

2026-08-05 05:50:02,399 INFO 

2026-08-05 05:50:02,473 INFO 

2026-08-05 05:50:03,546 INFO 

2026-08-05 05:50:33,308 INFO 

2026-08-05 05:50:34,205 INFO 

2026-08-05 05:50:34,446 INFO 

2026-08-05 05:51:04,563 INFO 

2026-08-05 05:51:05,480 INFO 

2026-08-05 05:51:05,610 INFO 

2026-08-05 05:51:36,055 INFO 

2026-08-05 05:51:36,906 INFO 

2026-08-05 05:51:37,189 INFO 

2026-08-05 05:52:07,443 INFO 

2026-08-05 05:52:08,397 INFO 

2026-08-05 05:52:08,569 INFO 

2026-08-05 05:52:38,884 INFO 

2026-08-05 05:52:39,837 INFO 

2026-08-05 05:52:39,963 INFO 

2026-08-05 05:53:32,143 INFO 

2026-08-05 05:53:32,238 INFO 

2026-08-05 05:53:33,169 INFO 

2026-08-05 05:54:03,012 INFO 

2026-08-05 05:54:03,980 INFO 

2026-08-05 05:54:04,363 INFO 

2026-08-05 05:54:34,414 INFO 

2026-08-05 05:54:35,381 INFO 

2026-08-05 05:54:35,476 INFO 

2026-08-05 05:55:05,866 INFO 

2026-08-05 05:55:06,824 INFO 

2026-08-05 05:55:06,919 INFO 

2026-08-05 05:55:37,199 INFO 

2026-08-05 05:55:38,188 INFO 

2026-08-05 05:55:38,261 INFO 

2026-08-05 05:56:08,564 INFO 

2026-08-05 05:56:09,479 INFO 

2026-08-05 05:56:09,603 INFO 

2026-08-05 05:56:39,871 INFO 

2026-08-05 05:56:40,806 INFO 

2026-08-05 05:56:40,900 INFO 

2026-08-05 05:57:11,257 INFO 

2026-08-05 05:57:12,208 INFO 

2026-08-05 05:57:12,302 INFO 

2026-08-05 05:57:42,693 INFO 

2026-08-05 05:57:43,577 INFO 

2026-08-05 05:57:43,738 INFO 

2026-08-05 05:58:36,003 INFO 

2026-08-05 05:58:36,097 INFO 

2026-08-05 05:58:37,073 INFO 

2026-08-05 05:59:07,163 INFO 

2026-08-05 05:59:07,310 INFO 

2026-08-05 05:59:08,192 INFO 

2026-08-05 05:59:38,305 INFO 

2026-08-05 05:59:38,417 INFO 

2026-08-05 05:59:39,351 INFO 

2026-08-05 06:00:09,197 INFO 

2026-08-05 06:00:10,234 INFO 

2026-08-05 06:00:11,198 INFO 

2026-08-05 06:00:40,719 INFO 

2026-08-05 06:00:41,696 INFO 

2026-08-05 06:00:42,946 INFO 

2026-08-05 06:01:12,599 INFO 

2026-08-05 06:01:13,011 INFO 

2026-08-05 06:01:14,401 INFO 

2026-08-05 06:01:44,125 INFO 

2026-08-05 06:01:44,198 INFO 

2026-08-05 06:01:45,737 INFO 

2026-08-05 06:02:15,480 INFO 

2026-08-05 06:02:15,580 INFO 

2026-08-05 06:02:17,131 INFO 

2026-08-05 06:02:46,954 INFO 

2026-08-05 06:02:46,999 INFO 

2026-08-05 06:02:48,584 INFO 

2026-08-05 06:04:01,843 INFO 

2026-08-05 06:04:01,914 INFO 

2026-08-05 06:04:03,014 INFO 

2026-08-05 06:04:33,021 INFO 

2026-08-05 06:04:34,229 INFO 

2026-08-05 06:05:04,129 INFO 

2026-08-05 06:05:04,217 INFO 

2026-08-05 06:05:05,325 INFO 

2026-08-05 06:05:35,336 INFO 

2026-08-05 06:05:35,408 INFO 

2026-08-05 06:05:36,549 INFO 

2026-08-05 06:06:06,505 INFO 

2026-08-05 06:06:06,532 INFO 

2026-08-05 06:06:07,677 INFO 

2026-08-05 06:06:37,745 INFO 

2026-08-05 06:06:37,864 INFO 

2026-08-05 06:06:38,992 INFO 

2026-08-05 06:07:08,940 INFO 

2026-08-05 06:07:08,979 INFO 

2026-08-05 06:07:10,222 INFO 

2026-08-05 06:07:40,148 INFO 

2026-08-05 06:07:40,201 INFO 

2026-08-05 06:07:41,369 INFO 

2026-08-05 06:08:11,473 INFO 

2026-08-05 06:08:11,634 INFO 

2026-08-05 06:08:12,734 INFO 

2026-08-05 06:08:44,251 INFO 

2026-08-05 06:08:44,295 INFO 

2026-08-05 06:08:45,451 INFO 

2026-08-05 06:09:15,679 INFO 

2026-08-05 06:09:15,736 INFO 

2026-08-05 06:09:16,846 INFO 

2026-08-05 06:09:47,078 INFO 

2026-08-05 06:09:47,115 INFO 

2026-08-05 06:09:48,206 INFO 

2026-08-05 06:10:18,340 INFO 

2026-08-05 06:10:18,466 INFO 

2026-08-05 06:10:19,440 INFO 

2026-08-05 06:10:49,585 INFO 

2026-08-05 06:10:49,756 INFO 

2026-08-05 06:10:50,666 INFO 

2026-08-05 06:11:20,618 INFO 

2026-08-05 06:11:21,656 INFO 

2026-08-05 06:11:22,044 INFO 

2026-08-05 06:11:52,075 INFO 

2026-08-05 06:11:53,114 INFO 

2026-08-05 06:11:53,209 INFO 

2026-08-05 06:12:23,838 INFO 

2026-08-05 06:12:24,868 INFO 

2026-08-05 06:12:25,045 INFO 

2026-08-05 06:12:55,665 INFO 

2026-08-05 06:12:56,642 INFO 

2026-08-05 06:12:56,820 INFO 

2026-08-05 06:13:46,110 INFO 

2026-08-05 06:13:46,234 INFO 

2026-08-05 06:13:47,182 INFO 

2026-08-05 06:14:17,357 INFO 

2026-08-05 06:14:17,422 INFO 

2026-08-05 06:14:18,492 INFO 

2026-08-05 06:14:48,591 INFO 

2026-08-05 06:14:48,720 INFO 

2026-08-05 06:14:49,629 INFO 

2026-08-05 06:15:19,622 INFO 

2026-08-05 06:15:20,714 INFO 

2026-08-05 06:15:21,178 INFO 

2026-08-05 06:15:51,391 INFO 

2026-08-05 06:15:52,473 INFO 

2026-08-05 06:15:52,609 INFO 

2026-08-05 06:16:22,994 INFO 

2026-08-05 06:16:24,076 INFO 

2026-08-05 06:16:24,209 INFO 

2026-08-05 06:16:54,758 INFO 

2026-08-05 06:16:55,817 INFO 

2026-08-05 06:16:55,953 INFO 

2026-08-05 06:17:26,528 INFO 

2026-08-05 06:17:27,562 INFO 

2026-08-05 06:17:27,742 INFO 

2026-08-05 06:17:58,329 INFO 

2026-08-05 06:17:59,321 INFO 

2026-08-05 06:17:59,522 INFO 

2026-08-05 06:18:51,233 INFO 

2026-08-05 06:18:51,315 INFO 

2026-08-05 06:18:52,427 INFO 

2026-08-05 06:19:22,934 INFO 

2026-08-05 06:19:22,964 INFO 

2026-08-05 06:19:24,585 INFO 

2026-08-05 06:19:55,253 INFO 

2026-08-05 06:19:55,331 INFO 

2026-08-05 06:19:56,679 INFO 

2026-08-05 06:20:26,784 INFO 

2026-08-05 06:20:26,874 INFO 

2026-08-05 06:20:28,521 INFO 

2026-08-05 06:20:58,978 INFO 

2026-08-05 06:20:59,087 INFO 

2026-08-05 06:21:00,271 INFO 

2026-08-05 06:21:30,462 INFO 

2026-08-05 06:21:30,579 INFO 

2026-08-05 06:21:31,956 INFO 

2026-08-05 06:22:02,046 INFO 

2026-08-05 06:22:02,161 INFO 

2026-08-05 06:22:03,466 INFO 

2026-08-05 06:22:33,693 INFO 

2026-08-05 06:22:33,824 INFO 

2026-08-05 06:22:35,208 INFO 

2026-08-05 06:23:05,391 INFO 

2026-08-05 06:23:05,522 INFO 

2026-08-05 06:23:06,774 INFO 

2026-08-05 06:23:59,053 INFO 

2026-08-05 06:23:59,107 INFO 

2026-08-05 06:24:00,208 INFO 

2026-08-05 06:24:30,464 INFO 

2026-08-05 06:24:30,524 INFO 

2026-08-05 06:24:31,584 INFO 

2026-08-05 06:25:01,767 INFO 

2026-08-05 06:25:01,814 INFO 

2026-08-05 06:25:03,039 INFO 

2026-08-05 06:25:33,126 INFO 

2026-08-05 06:25:33,185 INFO 

2026-08-05 06:25:34,640 INFO 

2026-08-05 06:26:04,480 INFO 

2026-08-05 06:26:04,547 INFO 

2026-08-05 06:26:06,485 INFO 

2026-08-05 06:26:36,326 INFO 

2026-08-05 06:26:36,400 INFO 

2026-08-05 06:26:38,190 INFO 

2026-08-05 06:27:08,015 INFO 

2026-08-05 06:27:08,066 INFO 

2026-08-05 06:27:09,924 INFO 

2026-08-05 06:27:39,681 INFO 

2026-08-05 06:27:39,768 INFO 

2026-08-05 06:27:41,098 INFO 

2026-08-05 06:28:11,079 INFO 

2026-08-05 06:28:11,137 INFO 

2026-08-05 06:28:12,353 INFO 

2026-08-05 06:29:04,399 INFO 

2026-08-05 06:29:04,478 INFO 

2026-08-05 06:29:05,588 INFO 

2026-08-05 06:29:37,871 INFO 

2026-08-05 06:29:37,910 INFO 

2026-08-05 06:29:40,792 INFO 

2026-08-05 06:30:21,686 INFO 

2026-08-05 06:30:21,771 INFO 

2026-08-05 06:30:24,407 INFO 

2026-08-05 06:30:53,466 INFO 

2026-08-05 06:30:53,521 INFO 

2026-08-05 06:30:55,868 INFO 

2026-08-05 06:31:25,581 INFO 

2026-08-05 06:31:25,631 INFO 

2026-08-05 06:31:27,664 INFO 

2026-08-05 06:31:57,730 INFO 

2026-08-05 06:31:57,816 INFO 

2026-08-05 06:31:59,568 INFO 

2026-08-05 06:32:29,142 INFO 

2026-08-05 06:32:29,196 INFO 

2026-08-05 06:32:30,829 INFO 

2026-08-05 06:33:03,582 INFO 

2026-08-05 06:33:03,653 INFO 

2026-08-05 06:33:05,474 INFO 

2026-08-05 06:34:06,954 INFO 

2026-08-05 06:34:06,999 INFO 

2026-08-05 06:34:08,138 INFO 

2026-08-05 06:34:38,323 INFO 

2026-08-05 06:34:38,398 INFO 

2026-08-05 06:34:39,476 INFO 

2026-08-05 06:35:10,323 INFO 

2026-08-05 06:35:10,373 INFO 

2026-08-05 06:35:11,623 INFO 

2026-08-05 06:35:41,355 INFO 

2026-08-05 06:35:42,781 INFO 

2026-08-05 06:35:43,202 INFO 

2026-08-05 06:36:13,427 INFO 

2026-08-05 06:36:14,643 INFO 

2026-08-05 06:36:14,788 INFO 

2026-08-05 06:36:44,522 INFO 

2026-08-05 06:36:46,626 INFO 

2026-08-05 06:36:46,688 INFO 

2026-08-05 06:37:16,290 INFO 

2026-08-05 06:37:18,294 INFO 

2026-08-05 06:37:18,384 INFO 

2026-08-05 06:37:47,705 INFO 

2026-08-05 06:37:49,621 INFO 

2026-08-05 06:37:49,672 INFO 

2026-08-05 06:38:19,948 INFO 

2026-08-05 06:38:21,264 INFO 

2026-08-05 06:38:21,341 INFO 

2026-08-05 06:39:04,798 INFO 

2026-08-05 06:39:04,852 INFO 

2026-08-05 06:39:05,743 INFO 

2026-08-05 06:39:35,636 INFO 

2026-08-05 06:39:36,538 INFO 

2026-08-05 06:39:36,851 INFO 

2026-08-05 06:40:06,686 INFO 

2026-08-05 06:40:07,627 INFO 

2026-08-05 06:40:08,614 INFO 

2026-08-05 06:40:38,243 INFO 

2026-08-05 06:40:39,009 INFO 

2026-08-05 06:40:39,880 INFO 

2026-08-05 06:41:09,520 INFO 

2026-08-05 06:41:10,250 INFO 

2026-08-05 06:41:11,161 INFO 

2026-08-05 06:41:40,841 INFO 

2026-08-05 06:41:41,753 INFO 

2026-08-05 06:41:42,687 INFO 

2026-08-05 06:42:12,365 INFO 

2026-08-05 06:42:13,176 INFO 

2026-08-05 06:42:14,085 INFO 

2026-08-05 06:42:44,084 INFO 

2026-08-05 06:42:45,121 INFO 

2026-08-05 06:42:46,009 INFO 

2026-08-05 06:43:15,532 INFO 

2026-08-05 06:43:16,698 INFO 

2026-08-05 06:43:17,842 INFO 

2026-08-05 06:44:08,101 INFO 

2026-08-05 06:44:08,177 INFO 

2026-08-05 06:44:09,179 INFO 

2026-08-05 06:44:38,879 INFO 

2026-08-05 06:44:39,672 INFO 

2026-08-05 06:44:40,614 INFO 

2026-08-05 06:45:10,237 INFO 

2026-08-05 06:45:11,022 INFO 

2026-08-05 06:45:11,918 INFO 

2026-08-05 06:45:41,687 INFO 

2026-08-05 06:45:42,659 INFO 

2026-08-05 06:45:43,552 INFO 

2026-08-05 06:46:12,984 INFO 

2026-08-05 06:46:14,013 INFO 

2026-08-05 06:46:14,929 INFO 

2026-08-05 06:46:44,491 INFO 

2026-08-05 06:46:45,558 INFO 

2026-08-05 06:46:46,678 INFO 

2026-08-05 06:47:16,395 INFO 

2026-08-05 06:47:17,281 INFO 

2026-08-05 06:47:17,855 INFO 

2026-08-05 06:47:47,470 INFO 

2026-08-05 06:47:48,576 INFO 

2026-08-05 06:47:49,350 INFO 

2026-08-05 06:48:19,043 INFO 

2026-08-05 06:48:20,081 INFO 

2026-08-05 06:48:20,885 INFO 

2026-08-05 06:49:13,116 INFO 

2026-08-05 06:49:13,165 INFO 

2026-08-05 06:49:14,160 INFO 

2026-08-05 06:49:45,024 INFO 

2026-08-05 06:49:45,080 INFO 

2026-08-05 06:49:46,273 INFO 

2026-08-05 06:50:15,890 INFO 

2026-08-05 06:50:16,871 INFO 

2026-08-05 06:50:17,895 INFO 

2026-08-05 06:50:47,152 INFO 

2026-08-05 06:50:48,043 INFO 

2026-08-05 06:50:49,155 INFO 

2026-08-05 06:51:18,519 INFO 

2026-08-05 06:51:19,583 INFO 

2026-08-05 06:51:20,821 INFO 

2026-08-05 06:51:50,393 INFO 

2026-08-05 06:51:51,220 INFO 

2026-08-05 06:51:51,846 INFO 

2026-08-05 06:52:21,884 INFO 

2026-08-05 06:52:23,886 INFO 

2026-08-05 06:52:24,559 INFO 

2026-08-05 06:52:53,362 INFO 

2026-08-05 06:52:55,879 INFO 

2026-08-05 06:52:56,914 INFO 

2026-08-05 06:53:24,888 INFO 

2026-08-05 06:53:26,965 INFO 

2026-08-05 06:53:27,814 INFO 

2026-08-05 06:54:20,829 INFO 

2026-08-05 06:54:20,885 INFO 

2026-08-05 06:54:22,125 INFO 

2026-08-05 06:54:51,980 INFO 

2026-08-05 06:54:52,124 INFO 

2026-08-05 06:54:53,316 INFO 

2026-08-05 06:55:22,859 INFO 

2026-08-05 06:55:23,898 INFO 

2026-08-05 06:55:24,841 INFO 

2026-08-05 06:55:54,243 INFO 

2026-08-05 06:55:55,217 INFO 

2026-08-05 06:55:56,278 INFO 

2026-08-05 06:56:25,689 INFO 

2026-08-05 06:56:26,689 INFO 

2026-08-05 06:56:27,791 INFO 

2026-08-05 06:56:57,273 INFO 

2026-08-05 06:56:58,285 INFO 

2026-08-05 06:56:59,314 INFO 

2026-08-05 06:57:29,034 INFO 

2026-08-05 06:57:30,072 INFO 

2026-08-05 06:57:31,213 INFO 

2026-08-05 06:58:00,703 INFO 

2026-08-05 06:58:01,703 INFO 

2026-08-05 06:58:02,836 INFO 

2026-08-05 06:58:32,233 INFO 

2026-08-05 06:58:33,220 INFO 

2026-08-05 06:58:34,278 INFO 

2026-08-05 06:59:23,020 INFO 

2026-08-05 06:59:23,106 INFO 

2026-08-05 06:59:24,334 INFO 

2026-08-05 06:59:54,644 INFO 

2026-08-05 06:59:54,734 INFO 

2026-08-05 06:59:56,546 INFO 

2026-08-05 07:00:25,717 INFO 

2026-08-05 07:00:26,698 INFO 

2026-08-05 07:00:27,736 INFO 

2026-08-05 07:00:57,732 INFO 

2026-08-05 07:00:58,139 INFO 

2026-08-05 07:00:59,256 INFO 

2026-08-05 07:01:28,726 INFO 

2026-08-05 07:01:29,790 INFO 

2026-08-05 07:01:30,790 INFO 

2026-08-05 07:02:00,291 INFO 

2026-08-05 07:02:01,216 INFO 

2026-08-05 07:02:02,333 INFO 

2026-08-05 07:02:31,841 INFO 

2026-08-05 07:02:32,852 INFO 

2026-08-05 07:02:33,979 INFO 

2026-08-05 07:03:03,445 INFO 

2026-08-05 07:03:04,408 INFO 

2026-08-05 07:03:05,691 INFO 

2026-08-05 07:03:34,421 INFO 

2026-08-05 07:03:35,950 INFO 

2026-08-05 07:03:36,978 INFO 

2026-08-05 07:04:28,239 INFO 

2026-08-05 07:04:28,297 INFO 

2026-08-05 07:04:29,303 INFO 

2026-08-05 07:04:59,123 INFO 

2026-08-05 07:05:00,218 INFO 

2026-08-05 07:05:00,637 INFO 

2026-08-05 07:05:30,271 INFO 

2026-08-05 07:05:31,547 INFO 

2026-08-05 07:05:32,686 INFO 

2026-08-05 07:06:01,515 INFO 

2026-08-05 07:06:02,734 INFO 

2026-08-05 07:06:04,119 INFO 

2026-08-05 07:06:33,018 INFO 

2026-08-05 07:06:33,934 INFO 

2026-08-05 07:06:35,604 INFO 

2026-08-05 07:07:04,066 INFO 

2026-08-05 07:07:05,067 INFO 

2026-08-05 07:07:06,758 INFO 

2026-08-05 07:07:35,314 INFO 

2026-08-05 07:07:36,229 INFO 

2026-08-05 07:07:37,817 INFO 

2026-08-05 07:08:06,585 INFO 

2026-08-05 07:08:07,448 INFO 

2026-08-05 07:08:08,946 INFO 

2026-08-05 07:08:37,736 INFO 

2026-08-05 07:08:38,578 INFO 

2026-08-05 07:08:39,979 INFO 

2026-08-05 07:09:29,069 INFO 

2026-08-05 07:09:29,137 INFO 

2026-08-05 07:09:30,197 INFO 

2026-08-05 07:09:59,941 INFO 

2026-08-05 07:10:00,939 INFO 

2026-08-05 07:10:01,198 INFO 

2026-08-05 07:10:31,343 INFO 

2026-08-05 07:10:32,538 INFO 

2026-08-05 07:10:32,686 INFO 

2026-08-05 07:11:02,626 INFO 

2026-08-05 07:11:03,959 INFO 

2026-08-05 07:11:03,981 INFO 

2026-08-05 07:11:33,875 INFO 

2026-08-05 07:11:35,897 INFO 

2026-08-05 07:11:35,915 INFO 

2026-08-05 07:12:05,480 INFO 

2026-08-05 07:12:07,699 INFO 

2026-08-05 07:12:07,750 INFO 

2026-08-05 07:12:36,507 INFO 

2026-08-05 07:12:39,647 INFO 

2026-08-05 07:12:39,677 INFO 

2026-08-05 07:13:08,216 INFO 

2026-08-05 07:13:11,259 INFO 

2026-08-05 07:13:11,304 INFO 

2026-08-05 07:13:39,722 INFO 

2026-08-05 07:13:42,847 INFO 

2026-08-05 07:13:42,919 INFO 

2026-08-05 07:14:34,143 INFO 

2026-08-05 07:14:34,205 INFO 

2026-08-05 07:14:35,247 INFO 

2026-08-05 07:15:04,990 INFO 

2026-08-05 07:15:05,998 INFO 

2026-08-05 07:15:06,196 INFO 

2026-08-05 07:15:36,147 INFO 

2026-08-05 07:15:37,102 INFO 

2026-08-05 07:15:37,211 INFO 

2026-08-05 07:16:07,522 INFO 

2026-08-05 07:16:08,663 INFO 

2026-08-05 07:16:08,802 INFO 

2026-08-05 07:16:39,205 INFO 

2026-08-05 07:16:40,230 INFO 

2026-08-05 07:16:40,334 INFO 

2026-08-05 07:17:10,786 INFO 

2026-08-05 07:17:11,739 INFO 

2026-08-05 07:17:11,835 INFO 

2026-08-05 07:17:42,388 INFO 

2026-08-05 07:17:43,345 INFO 

2026-08-05 07:17:43,484 INFO 

2026-08-05 07:18:13,950 INFO 

2026-08-05 07:18:15,128 INFO 

2026-08-05 07:18:15,337 INFO 

2026-08-05 07:18:45,776 INFO 

2026-08-05 07:18:46,842 INFO 

2026-08-05 07:18:47,047 INFO 

2026-08-05 07:19:37,253 INFO 

2026-08-05 07:19:37,292 INFO 

2026-08-05 07:19:38,330 INFO 

2026-08-05 07:20:08,320 INFO 

2026-08-05 07:20:08,374 INFO 

2026-08-05 07:20:09,493 INFO 

2026-08-05 07:20:40,124 INFO 

2026-08-05 07:20:40,154 INFO 

2026-08-05 07:20:41,216 INFO 

2026-08-05 07:21:11,997 INFO 

2026-08-05 07:21:12,039 INFO 

2026-08-05 07:21:13,126 INFO 

2026-08-05 07:21:42,945 INFO 

2026-08-05 07:21:44,022 INFO 

2026-08-05 07:21:44,187 INFO 

2026-08-05 07:22:14,224 INFO 

2026-08-05 07:22:15,190 INFO 

2026-08-05 07:22:15,285 INFO 

2026-08-05 07:22:45,451 INFO 

2026-08-05 07:22:46,358 INFO 

2026-08-05 07:22:46,516 INFO 

2026-08-05 07:23:16,627 INFO 

2026-08-05 07:23:17,521 INFO 

2026-08-05 07:23:17,622 INFO 

2026-08-05 07:23:47,865 INFO 

2026-08-05 07:23:48,854 INFO 

2026-08-05 07:23:48,922 INFO 

2026-08-05 07:24:37,691 INFO 

2026-08-05 07:24:37,737 INFO 

2026-08-05 07:24:38,659 INFO 

2026-08-05 07:25:09,419 INFO 

2026-08-05 07:25:09,463 INFO 

2026-08-05 07:25:10,374 INFO 

2026-08-05 07:25:40,889 INFO 

2026-08-05 07:25:40,956 INFO 

2026-08-05 07:25:41,930 INFO 

2026-08-05 07:26:12,581 INFO 

2026-08-05 07:26:12,716 INFO 

2026-08-05 07:26:14,245 INFO 

2026-08-05 07:26:43,924 INFO 

2026-08-05 07:26:43,946 INFO 

2026-08-05 07:26:45,469 INFO 

2026-08-05 07:27:14,707 INFO 

2026-08-05 07:27:15,535 INFO 

2026-08-05 07:27:16,430 INFO 

2026-08-05 07:27:45,734 INFO 

2026-08-05 07:27:46,651 INFO 

2026-08-05 07:27:47,731 INFO 

2026-08-05 07:28:17,107 INFO 

2026-08-05 07:28:17,970 INFO 

2026-08-05 07:28:18,874 INFO 

2026-08-05 07:28:48,212 INFO 

2026-08-05 07:28:49,046 INFO 

2026-08-05 07:28:49,846 INFO 

2026-08-05 07:29:40,582 INFO 

2026-08-05 07:29:40,628 INFO 

2026-08-05 07:29:41,556 INFO 

2026-08-05 07:30:12,426 INFO 

2026-08-05 07:30:12,500 INFO 

2026-08-05 07:30:13,561 INFO 

2026-08-05 07:30:43,436 INFO 

2026-08-05 07:30:44,342 INFO 

2026-08-05 07:30:44,620 INFO 

2026-08-05 07:31:14,494 INFO 

2026-08-05 07:31:15,279 INFO 

2026-08-05 07:31:16,168 INFO 

2026-08-05 07:31:45,839 INFO 

2026-08-05 07:31:46,581 INFO 

2026-08-05 07:31:47,433 INFO 

2026-08-05 07:32:17,012 INFO 

2026-08-05 07:32:17,796 INFO 

2026-08-05 07:32:18,676 INFO 

2026-08-05 07:32:48,226 INFO 

2026-08-05 07:32:48,959 INFO 

2026-08-05 07:32:49,826 INFO 

2026-08-05 07:33:19,427 INFO 

2026-08-05 07:33:20,577 INFO 

2026-08-05 07:33:21,356 INFO 

2026-08-05 07:33:51,141 INFO 

2026-08-05 07:33:52,001 INFO 

2026-08-05 07:33:52,978 INFO 

2026-08-05 07:34:39,436 INFO 

2026-08-05 07:34:39,490 INFO 

2026-08-05 07:34:40,608 INFO 

2026-08-05 09:57:44,342 INFO 

2026-08-05 09:57:44,360 INFO 

2026-08-05 09:58:04,166 INFO 

2026-08-05 09:58:34,751 INFO 

2026-08-05 09:58:34,846 INFO 

2026-08-05 09:58:35,751 INFO 

2026-08-05 09:59:06,349 INFO 

2026-08-05 09:59:06,383 INFO 

2026-08-05 09:59:07,339 INFO 

2026-08-05 09:59:37,807 INFO 

2026-08-05 09:59:37,874 INFO 

2026-08-05 09:59:38,807 INFO 

2026-08-05 10:00:09,356 INFO 

2026-08-05 10:00:09,387 INFO 

2026-08-05 10:00:10,370 INFO 

2026-08-05 10:00:40,859 INFO 

2026-08-05 10:00:40,893 INFO 

2026-08-05 10:00:41,865 INFO 

2026-08-05 10:01:12,371 INFO 

2026-08-05 10:01:12,409 INFO 

2026-08-05 10:01:13,353 INFO 

2026-08-05 10:01:43,871 INFO 

2026-08-05 10:01:43,927 INFO 

2026-08-05 10:01:44,873 INFO 

2026-08-05 10:02:15,485 INFO 

2026-08-05 10:02:15,537 INFO 

2026-08-05 10:02:16,962 INFO 

2026-08-05 10:03:04,983 INFO 

2026-08-05 10:03:05,012 INFO 

2026-08-05 10:03:05,895 INFO 

2026-08-05 10:03:36,453 INFO 

2026-08-05 10:03:36,484 INFO 

2026-08-05 10:03:37,451 INFO 

2026-08-05 10:04:07,870 INFO 

2026-08-05 10:04:07,915 INFO 

2026-08-05 10:04:08,835 INFO 

2026-08-05 10:04:39,452 INFO 

2026-08-05 10:04:39,487 INFO 

2026-08-05 10:04:40,389 INFO 

2026-08-05 10:05:11,000 INFO 

2026-08-05 10:05:11,028 INFO 

2026-08-05 10:05:12,099 INFO 

2026-08-05 10:05:42,639 INFO 

2026-08-05 10:05:42,685 INFO 

2026-08-05 10:05:43,734 INFO 

2026-08-05 10:06:14,267 INFO 

2026-08-05 10:06:14,308 INFO 

2026-08-05 10:06:15,325 INFO 

2026-08-05 10:06:45,847 INFO 

2026-08-05 10:06:45,895 INFO 

2026-08-05 10:06:46,872 INFO 

2026-08-05 10:07:17,443 INFO 

2026-08-05 10:07:17,479 INFO 

2026-08-05 10:07:18,454 INFO 

2026-08-05 10:08:04,558 INFO 

2026-08-05 10:08:04,602 INFO 

2026-08-05 10:08:05,504 INFO 

2026-08-05 10:08:36,132 INFO 

2026-08-05 10:08:36,176 INFO 

2026-08-05 10:08:37,183 INFO 

2026-08-05 10:09:07,644 INFO 

2026-08-05 10:09:07,706 INFO 

2026-08-05 10:09:08,633 INFO 

2026-08-05 10:09:39,120 INFO 

2026-08-05 10:09:39,162 INFO 

2026-08-05 10:09:40,064 INFO 

2026-08-05 10:10:10,598 INFO 

2026-08-05 10:10:10,646 INFO 

2026-08-05 10:10:11,587 INFO 

2026-08-05 10:10:42,074 INFO 

2026-08-05 10:10:42,091 INFO 

2026-08-05 10:10:43,103 INFO 

2026-08-05 10:11:13,573 INFO 

2026-08-05 10:11:13,641 INFO 

2026-08-05 10:11:14,553 INFO 

2026-08-05 10:11:45,083 INFO 

2026-08-05 10:11:45,144 INFO 

2026-08-05 10:11:46,051 INFO 

2026-08-05 10:12:16,637 INFO 

2026-08-05 10:12:16,697 INFO 

2026-08-05 10:12:17,889 INFO 

2026-08-05 10:12:47,426 INFO 

2026-08-05 10:12:48,187 INFO 

2026-08-05 10:12:49,021 INFO 

2026-08-05 10:13:19,046 INFO 

2026-08-05 10:13:19,181 INFO 

2026-08-05 10:13:40,325 INFO 

2026-08-05 10:13:50,575 INFO 

2026-08-05 10:13:50,640 INFO 

2026-08-05 10:14:11,833 INFO 

2026-08-05 10:14:22,054 INFO 

2026-08-05 10:14:22,116 INFO 

2026-08-05 10:14:43,372 INFO 

2026-08-05 10:14:53,564 INFO 

2026-08-05 10:14:53,607 INFO 

2026-08-05 10:15:14,854 INFO 

2026-08-05 10:15:25,051 INFO 

2026-08-05 10:15:25,101 INFO 

2026-08-05 10:15:46,239 INFO 

2026-08-05 10:15:56,444 INFO 

2026-08-05 10:15:56,492 INFO 

2026-08-05 10:16:17,695 INFO 

2026-08-05 10:16:27,895 INFO 

2026-08-05 10:16:27,944 INFO 

2026-08-05 10:16:49,135 INFO 

2026-08-05 10:16:59,346 INFO 

2026-08-05 10:16:59,369 INFO 

2026-08-05 10:17:20,569 INFO 

2026-08-05 10:17:30,785 INFO 

2026-08-05 10:17:30,812 INFO 

2026-08-05 10:17:52,048 INFO 

2026-08-05 10:18:12,688 INFO 

2026-08-05 10:18:12,742 INFO 

2026-08-05 10:18:23,060 INFO 

2026-08-05 10:18:44,382 INFO 

2026-08-05 10:18:44,447 INFO 

2026-08-05 10:18:54,047 INFO 

2026-08-05 10:19:15,330 INFO 

2026-08-05 10:19:15,432 INFO 

2026-08-05 10:19:25,023 INFO 

2026-08-05 10:19:46,386 INFO 

2026-08-05 10:19:46,431 INFO 

2026-08-05 10:19:56,147 INFO 

2026-08-05 10:20:17,462 INFO 

2026-08-05 10:20:17,504 INFO 

2026-08-05 10:20:27,148 INFO 

2026-08-05 10:20:48,393 INFO 

2026-08-05 10:20:48,436 INFO 

2026-08-05 10:20:58,094 INFO 

2026-08-05 10:21:19,354 INFO 

2026-08-05 10:21:19,408 INFO 

2026-08-05 10:21:29,066 INFO 

2026-08-05 10:21:50,312 INFO 

2026-08-05 10:21:50,331 INFO 

2026-08-05 10:21:59,950 INFO 

2026-08-05 10:22:21,197 INFO 

2026-08-05 10:22:21,268 INFO 

2026-08-05 10:22:30,881 INFO 

2026-08-05 10:22:52,150 INFO 

2026-08-05 10:22:52,226 INFO 

2026-08-05 10:23:15,901 INFO 

2026-08-05 10:23:22,964 INFO 

2026-08-05 10:23:23,727 INFO 

2026-08-05 10:23:46,924 INFO 

2026-08-05 10:23:53,977 INFO 

2026-08-05 10:23:54,746 INFO 

2026-08-05 10:24:17,949 INFO 

2026-08-05 10:24:25,049 INFO 

2026-08-05 10:24:25,791 INFO 

2026-08-05 10:24:48,904 INFO 

2026-08-05 10:24:55,942 INFO 

2026-08-05 10:24:56,672 INFO 

2026-08-05 10:25:19,847 INFO 

2026-08-05 10:25:26,872 INFO 

2026-08-05 10:25:27,627 INFO 

2026-08-05 10:25:50,880 INFO 

2026-08-05 10:25:57,880 INFO 

2026-08-05 10:25:58,618 INFO 

2026-08-05 10:26:21,817 INFO 

2026-08-05 10:26:28,914 INFO 

2026-08-05 10:26:29,731 INFO 

2026-08-05 10:26:52,908 INFO 

2026-08-05 10:27:00,086 INFO 

2026-08-05 10:27:00,847 INFO 

2026-08-05 10:27:24,014 INFO 

2026-08-05 10:27:31,143 INFO 

2026-08-05 10:27:31,904 INFO 

2026-08-05 10:27:55,086 INFO 

2026-08-05 10:28:20,200 INFO 

2026-08-05 10:28:20,256 INFO 

2026-08-05 10:28:26,284 INFO 

2026-08-05 10:28:51,694 INFO 

2026-08-05 10:28:51,737 INFO 

2026-08-05 10:28:57,776 INFO 

2026-08-05 10:29:23,164 INFO 

2026-08-05 10:29:23,208 INFO 

2026-08-05 10:29:29,230 INFO 

2026-08-05 10:29:54,652 INFO 

2026-08-05 10:29:54,696 INFO 

2026-08-05 10:30:00,762 INFO 

2026-08-05 10:30:26,146 INFO 

2026-08-05 10:30:26,242 INFO 

2026-08-05 10:30:32,275 INFO 

2026-08-05 10:30:57,686 INFO 

2026-08-05 10:30:57,739 INFO 

2026-08-05 10:31:03,841 INFO 

2026-08-05 10:31:29,212 INFO 

2026-08-05 10:31:29,238 INFO 

2026-08-05 10:31:35,309 INFO 

2026-08-05 10:32:00,760 INFO 

2026-08-05 10:32:00,784 INFO 

2026-08-05 10:32:06,891 INFO 

2026-08-05 10:32:32,298 INFO 

2026-08-05 10:32:32,372 INFO 

2026-08-05 10:32:38,443 INFO 

2026-08-05 10:33:03,877 INFO 

2026-08-05 10:33:03,920 INFO 

2026-08-05 10:33:24,671 INFO 

2026-08-05 10:33:34,855 INFO 

2026-08-05 10:33:55,140 INFO 

2026-08-05 10:33:55,997 INFO 

2026-08-05 10:34:06,113 INFO 

2026-08-05 10:34:26,263 INFO 

2026-08-05 10:34:27,088 INFO 

2026-08-05 10:34:37,168 INFO 

2026-08-05 10:34:57,404 INFO 

2026-08-05 10:34:58,217 INFO 

2026-08-05 10:35:08,328 INFO 

2026-08-05 10:35:28,551 INFO 

2026-08-05 10:35:29,360 INFO 

2026-08-05 10:35:39,538 INFO 

2026-08-05 10:35:59,664 INFO 

2026-08-05 10:36:00,492 INFO 

2026-08-05 10:36:10,584 INFO 

2026-08-05 10:36:30,777 INFO 

2026-08-05 10:36:31,612 INFO 

2026-08-05 10:36:41,722 INFO 

2026-08-05 10:37:01,961 INFO 

2026-08-05 10:37:02,777 INFO 

2026-08-05 10:37:12,946 INFO 

2026-08-05 10:37:33,135 INFO 

2026-08-05 10:37:33,908 INFO 

2026-08-05 10:37:44,060 INFO 

2026-08-05 10:38:04,391 INFO 

2026-08-05 10:38:05,231 INFO 

2026-08-05 10:38:31,128 INFO 

2026-08-05 10:39:00,967 INFO 

2026-08-05 10:39:01,089 INFO 

2026-08-05 10:39:02,831 INFO 

2026-08-05 10:39:32,784 INFO 

2026-08-05 10:39:32,823 INFO 

2026-08-05 10:39:34,177 INFO 

2026-08-05 10:40:03,979 INFO 

2026-08-05 10:40:04,079 INFO 

2026-08-05 10:40:05,342 INFO 

2026-08-05 10:40:35,767 INFO 

2026-08-05 10:40:35,832 INFO 

2026-08-05 10:40:37,633 INFO 

2026-08-05 10:41:07,315 INFO 

2026-08-05 10:41:08,295 INFO 

2026-08-05 10:41:09,441 INFO 

2026-08-05 10:41:39,285 INFO 

2026-08-05 10:41:39,940 INFO 

2026-08-05 10:41:41,413 INFO 

2026-08-05 10:42:11,162 INFO 

2026-08-05 10:42:12,199 INFO 

2026-08-05 10:42:13,982 INFO 

2026-08-05 10:42:42,855 INFO 

2026-08-05 10:42:43,848 INFO 

2026-08-05 10:42:45,556 INFO 

2026-08-05 10:44:02,808 INFO 

2026-08-05 10:44:02,856 INFO 

2026-08-05 10:44:04,322 INFO 

2026-08-05 10:44:35,129 INFO 

2026-08-05 10:44:35,204 INFO 

2026-08-05 10:44:36,841 INFO 

2026-08-05 10:45:06,756 INFO 

2026-08-05 10:45:07,013 INFO 

2026-08-05 10:45:08,541 INFO 

2026-08-05 10:45:38,385 INFO 

2026-08-05 10:45:39,466 INFO 

2026-08-05 10:45:40,156 INFO 

2026-08-05 10:46:10,250 INFO 

2026-08-05 10:46:11,751 INFO 

2026-08-05 10:46:11,920 INFO 

2026-08-05 10:46:41,893 INFO 

2026-08-05 10:46:43,264 INFO 

2026-08-05 10:46:43,452 INFO 

2026-08-05 10:47:14,267 INFO 

2026-08-05 10:47:15,317 INFO 

2026-08-05 10:47:15,787 INFO 

2026-08-05 10:47:46,174 INFO 

2026-08-05 10:47:47,264 INFO 

2026-08-05 10:47:47,643 INFO 

2026-08-05 10:48:58,553 INFO 

2026-08-05 10:48:58,596 INFO 

2026-08-05 10:49:00,226 INFO 

2026-08-05 10:49:30,288 INFO 

2026-08-05 10:49:30,453 INFO 

2026-08-05 10:49:32,018 INFO 

2026-08-05 10:50:01,755 INFO 

2026-08-05 10:50:01,834 INFO 

2026-08-05 10:50:03,276 INFO 

2026-08-05 10:50:34,061 INFO 

2026-08-05 10:50:34,123 INFO 

2026-08-05 10:50:35,364 INFO 

2026-08-05 10:51:06,371 INFO 

2026-08-05 10:51:06,468 INFO 

2026-08-05 10:51:08,223 INFO 

2026-08-05 10:51:37,997 INFO 

2026-08-05 10:51:38,224 INFO 

2026-08-05 10:51:40,280 INFO 

2026-08-05 10:52:09,936 INFO 

2026-08-05 10:52:10,094 INFO 

2026-08-05 10:52:12,468 INFO 

2026-08-05 10:52:42,071 INFO 

2026-08-05 10:52:42,193 INFO 

2026-08-05 10:52:44,599 INFO 

2026-08-05 10:54:18,736 INFO 

2026-08-05 10:54:18,849 INFO 

2026-08-05 10:54:20,356 INFO 

2026-08-05 10:54:50,504 INFO 

2026-08-05 10:54:50,575 INFO 

2026-08-05 10:54:52,172 INFO 

2026-08-05 10:55:22,288 INFO 

2026-08-05 10:55:22,491 INFO 

2026-08-05 10:55:24,042 INFO 

2026-08-05 10:55:54,116 INFO 

2026-08-05 10:55:54,228 INFO 

2026-08-05 10:55:55,935 INFO 

2026-08-05 10:56:25,937 INFO 

2026-08-05 10:56:26,018 INFO 

2026-08-05 10:56:27,672 INFO 

2026-08-05 10:56:57,712 INFO 

2026-08-05 10:56:57,822 INFO 

2026-08-05 10:56:59,185 INFO 

2026-08-05 10:57:29,487 INFO 

2026-08-05 10:57:30,580 INFO 

2026-08-05 10:57:31,435 INFO 

2026-08-05 10:58:01,689 INFO 

2026-08-05 10:58:03,071 INFO 

2026-08-05 10:58:03,393 INFO 

2026-08-05 10:59:19,672 INFO 

2026-08-05 10:59:19,728 INFO 

2026-08-05 10:59:20,888 INFO 

2026-08-05 10:59:52,067 INFO 

2026-08-05 10:59:52,238 INFO 

2026-08-05 10:59:53,729 INFO 

2026-08-05 11:00:23,732 INFO 

2026-08-05 11:00:24,863 INFO 

2026-08-05 11:00:25,623 INFO 

2026-08-05 11:00:55,838 INFO 

2026-08-05 11:00:57,389 INFO 

2026-08-05 11:00:57,521 INFO 

2026-08-05 11:01:27,163 INFO 

2026-08-05 11:01:29,424 INFO 

2026-08-05 11:01:58,664 INFO 

2026-08-05 11:02:01,039 INFO 

2026-08-05 11:02:01,163 INFO 

2026-08-05 11:02:30,838 INFO 

2026-08-05 11:02:33,469 INFO 

2026-08-05 11:02:33,496 INFO 

2026-08-05 11:03:02,549 INFO 

2026-08-05 11:03:05,074 INFO 

2026-08-05 11:03:05,413 INFO 

2026-08-05 16:53:48,322 INFO 

